static const char kernel_config_data[] __used = MAGIC_START
	"\x1f\x8b\x08\x00\x00\x00\x00\x00\x02\x03\x94\x3c\x4d\x73\xdb\xb8"
	"\x92\xf7\xf9\x15\xaa\xcc\x1e\x76\x0f\x3b\xb1\x6c\x47\x49\x6a\xcb"
	"\x07\x90\x04\x45\x3c\x91\x04\x0d\x80\xfa\xf0\x85\xa5\x38\x4a\xc6"
	"\xf5\x1c\x3b\xcf\x96\xe7\xbd\xfc\xfb\xed\x06\x49\x11\x00\x01\xda"
	"\x33\x87\xa9\xa8\xbb\xd1\xf8\xea\x6f\x34\xfd\xfb\x6f\xbf\xcf\xc8"
	"\xcb\xf1\xf1\xc7\xfe\x78\x77\xbb\xbf\xbf\xff\x35\xfb\x7e\x78\x38"
	"\x3c\xed\x8f\x87\xaf\xb3\x6f\x77\xf7\x87\xff\x9b\x25\x7c\x56\x72"
	"\x35\xa3\x09\x53\x7f\x00\x71\x7e\xf7\xf0\xf2\x9f\xf7\xfb\xa7\x1f"
	"\x8b\xcb\xd9\xe5\x1f\xf3\xcb\x3f\x2e\x2e\x16\xb3\xd5\xe1\xe9\xe1"
	"\x70\x3f\x8b\x1f\x1f\xbe\xdd\x7d\x7f\x81\xd1\x77\x8f\x0f\xbf\xfd"
	"\xfe\x5b\xcc\xcb\x94\x2d\x1b\x22\x8a\xc5\xe5\xd5\xaf\xfe\xe7\xe2"
	"\x32\x62\x6a\xf8\x49\x44\x9c\x35\x55\xb6\x93\x0d\x49\x12\xd1\x28"
	"\x17\x5f\x14\xb5\x49\x0c\xac\x9a\x8a\x2c\x69\x23\x33\x96\xaa\xab"
	"\xf9\xb9\x8d\x82\x1f\xaa\x43\x5d\x5a\x33\x14\x05\xa9\x1a\x51\x26"
	"\x0d\x30\x97\x4d\xc1\xca\xab\xf9\xa7\x29\x02\xb2\xbd\x3a\x0f\x70"
	"\x88\x79\x51\x11\x65\x30\x9a\xbf\x81\x0e\xf8\xcd\x17\x3d\x5d\xc9"
	"\x1b\xc6\x2b\x2e\x14\xc0\xab\x61\x77\x52\x91\x78\xa5\x04\x89\x61"
	"\x77\x75\x85\xf8\x01\xc7\xf2\x9c\x2e\x49\xde\x54\x9c\x95\x8a\x8a"
	"\x66\x4d\xf2\x9a\x5e\x9d\xfd\xe7\xeb\x61\xff\xf5\xcc\xf8\xaf\xa7"
	"\xcf\x79\xbc\x4a\x68\x35\x66\xd4\xf2\x67\xe2\x3a\xcd\xc9\x52\x8e"
	"\xf1\x62\x23\x69\xd1\x6c\xe3\x6c\x09\xf7\xd1\x90\x7c\xc9\x05\x53"
	"\x59\x31\x10\x2c\x69\x49\x05\x8b\x9b\xa8\x5e\x7a\x81\x8d\xa0\x39"
	"\x51\x6c\x4d\xfb\xb5\xca\x31\x59\xb6\xa1\x6c\x99\xa9\x31\x22\x96"
	"\xb5\x67\xaa\x98\xe4\x2c\x12\x44\xd1\x26\x01\xde\xbb\x81\xe0\x86"
	"\x97\x00\x2b\xc8\x00\xc9\x08\x4c\xdc\x8f\x5b\xd6\x95\x23\x68\x40"
	"\x1b\x90\xb3\x92\xd2\x44\xa3\xf1\xfa\xe0\x26\x14\x75\x70\x72\xa9"
	"\xd1\x39\x2d\x97\x2a\x33\x2e\xad\x30\x6f\x70\xc3\xb8\xca\x23\xe3"
	"\xda\x38\xc8\x6f\x93\xd1\xbc\xa2\x62\x80\xae\xa8\x28\x69\xde\x14"
	"\x3c\xa1\xc0\x9b\x97\x03\x26\x65\xdb\x86\x12\x91\xef\xe0\x77\x53"
	"\x50\xe3\x2c\xaa\xa5\x22\x51\x4e\x61\xfe\x35\xcd\xe5\xd5\x85\xb5"
	"\xad\xee\x16\x65\x53\x57\x82\x47\x54\xba\xea\x25\x78\xdc\xac\x62"
	"\x2e\x68\xa3\xe8\xd6\xd8\x74\x42\xd3\x5e\x5e\x98\x54\x57\xef\xde"
	"\xdf\xdf\x7d\x79\xff\xe3\xf1\xeb\xcb\xfd\xe1\xf9\xfd\x7f\xd5\x25"
	"\x29\x28\x5e\x27\x25\x92\xbe\xff\xe3\x56\xab\xf7\xbb\xd3\xd6\xc4"
	"\x75\xb3\xe1\x62\x35\x70\x8b\x6a\x96\x27\x8a\xc1\x18\x98\x44\x2f"
	"\x56\xda\xa2\x97\x09\x4a\x92\x86\x95\x29\xc8\x7f\xd9\x28\x22\x71"
	"\x30\x18\x8a\xdf\x67\x4b\x6d\x75\xee\x67\xcf\x87\xe3\xcb\xcf\xc1"
	"\x74\xb0\x92\xa9\x86\x96\x6b\xd8\x06\x2e\xb1\x80\x0b\xbb\x38\x69"
	"\x7c\x2c\xb8\x94\x5a\xcb\x58\x4e\xaf\xde\xbd\x03\x36\x3d\xa6\x85"
	"\xc1\x66\xa5\x9a\xdd\x3d\xcf\x1e\x1e\x8f\xc8\xd9\xd0\x0d\x92\xaf"
	"\x41\x30\x19\x1c\xbd\x39\xce\x44\x34\xa4\x56\xdc\x33\x18\x8e\x8c"
	"\xd4\xb9\x6a\x32\x2e\x15\x9e\xcf\xd5\xbb\xff\x7e\x78\x7c\x38\xfc"
	"\xcf\xbb\x41\x06\xb4\x4e\x9f\x98\xca\x9d\x5c\xb3\x2a\x36\x59\x9d"
	"\x70\x15\x97\x70\xe1\xc5\x75\x4d\x6b\xea\x99\xab\xdd\x21\x88\x01"
	"\x17\xbb\x86\x28\x30\x0f\x99\xc9\x39\xcd\x48\x99\xe4\xd4\xcb\xb9"
	"\x96\x14\x74\xc6\xc3\x93\xd4\x89\x29\xf6\x5a\x5f\xb4\x90\x68\x04"
	"\x2c\x16\x8e\x20\x37\xe4\x27\x0c\x6d\x36\x44\xc5\x99\x0b\x54\x82"
	"\xd2\xfe\x56\x41\x44\x66\xcf\x2f\x5f\x9e\x7f\x3d\x1f\x0f\x3f\x86"
	"\x5b\xed\xd5\x13\x25\x48\xcb\xeb\x58\xe3\x11\x25\x33\xbe\x09\x63"
	"\x5a\x45\xf0\xe3\x69\x9a\xd2\x58\x9b\x20\x92\xa6\xa0\xd0\x72\xe5"
	"\xa7\x2b\xd8\x12\xac\x0a\x33\x15\x30\x23\x22\x01\x14\x18\xc6\x0d"
	"\x48\xbe\xa4\x65\x62\x28\x33\x0c\x49\x78\x41\x58\xe9\x83\x35\x19"
	"\xa3\x02\x4f\x72\x67\x72\xc3\x0b\xea\x09\x80\xd6\xbc\x3e\x63\x68"
	"\x42\xc1\x70\x7a\x2e\x0b\x49\x52\x2e\x62\x30\x3f\xad\xf2\xb0\xd2"
	"\x30\xba\xb2\x22\x42\x52\x97\xad\xb9\x41\xcd\x37\x95\x3e\x31\xc0"
	"\x2b\x8f\xd1\x4b\x48\x5e\xc3\x04\x4d\x42\x14\x19\x9f\x92\xd6\xe6"
	"\xf5\xe8\xfe\x4f\x86\x19\x19\xc0\x3d\x94\xca\x35\x39\x19\x91\x30"
	"\x38\x5e\x35\x91\xe0\x24\x89\x89\x54\x93\xa3\x2d\x32\x2d\x3b\xea"
	"\xee\xc7\xe1\xe9\xd9\x27\x3e\x9a\x2d\x18\x7e\x90\x02\xd3\x7e\xf3"
	"\x26\xbb\x41\xcd\x2f\xf4\x75\x9e\x8e\x03\x80\x60\x7b\x19\x4f\x58"
	"\xec\x39\x86\x76\x14\x83\x4b\x32\xc7\xb4\xd0\xb4\xce\xf3\xd0\x10"
	"\xe3\x8a\xc1\x91\xa1\xa4\xe8\xa3\xd2\xbe\x4e\x2f\x3f\xae\xea\xf7"
	"\x6a\xff\xfc\xcf\xd9\x11\xf6\x31\xdb\x3f\x7c\x9d\x3d\x1f\xf7\xc7"
	"\xe7\xd9\xfe\xf6\xf6\xf1\xe5\xe1\x78\xf7\xf0\xdd\xd9\x10\x0c\x68"
	"\x48\x1c\xf3\xba\x54\xed\x25\x9f\x56\xb3\x66\x10\x28\xd8\x68\x3c"
	"\xc2\x80\xb8\xe8\x1b\xb3\x18\xf5\xd6\x59\x26\xda\x11\x50\x30\x29"
	"\x80\x57\x61\x4c\xb3\xbe\x30\x8c\x36\x68\x0f\xba\x43\x69\x2e\x09"
	"\x81\xad\x2f\xd6\x03\x3c\x4b\xd1\x14\x5b\x7b\x1e\x0d\x63\xdc\x5e"
	"\x9d\x3e\x2d\x11\xd7\x33\x39\xbe\xe9\x0a\x6c\x49\x51\xa9\x06\xd0"
	"\xe6\xec\xf0\x13\x3c\x0c\xdc\xaa\x6f\x62\xd9\x12\x9f\xa2\x1d\x4a"
	"\x5d\x10\x6e\xa8\xb1\x40\xc8\x10\xf6\x98\xe7\x83\xfc\x18\x98\xd6"
	"\xfb\xd3\x65\x1c\x69\x27\x69\xbb\x3b\x08\xef\xca\xf3\xd8\xb0\x07"
	"\xab\xf6\x1f\x63\x88\x3e\xe2\x01\x9c\x73\xe4\x90\x76\xc1\xea\xf9"
	"\x99\x09\xc7\xcb\x86\x88\xd1\xc0\x0f\x71\x6e\x25\x20\xa8\x5a\x35"
	"\x92\xa4\xd4\xe1\x31\xbf\x70\x15\x4c\xc6\x19\x2c\x5d\xab\x99\xa3"
	"\x9e\xa7\x80\xa1\xac\x21\xa6\x89\x48\x4e\xca\xd8\x92\x96\x78\x29"
	"\x78\x5d\x19\x5a\xad\x83\x6e\x7d\x6f\x66\x24\x03\xbe\x29\x5e\x3a"
	"\x3f\x7b\x0f\x38\x82\x81\x27\xc7\xa8\xc0\xb0\xa8\x51\xbe\xea\x66"
	"\x32\xef\x57\x5b\x2d\x03\xe7\xf3\x8c\x1a\xd1\x6c\x20\x36\xa5\x11"
	"\x31\xb7\xd7\x61\xf4\xd6\x8d\xb8\x8a\x30\xd1\xd8\x98\x21\x5a\x48"
	"\xc1\xfc\x80\xa1\xde\xb0\x44\x65\x5e\x67\x0a\xfa\x67\x8c\xf5\x92"
	"\x74\xd3\x56\x2c\x91\x53\x78\x01\x21\x64\x78\x3b\x29\x48\xeb\x8d"
	"\x79\xbc\x20\x08\x92\x9a\xb6\x55\x47\x72\x30\x49\x87\xb1\xb6\xd1"
	"\xf2\x48\xe8\x9a\xc5\x34\x3c\x07\x0c\xec\xb4\x72\xb4\x76\x2a\xd2"
	"\xf0\xb8\xa8\x4a\xbd\xb3\xf9\x1d\x97\xe4\xf1\xea\x44\xd3\x7a\x96"
	"\x61\x68\x46\xe3\x95\xce\x0d\xd0\x6e\x2a\x88\x4a\x7d\x56\x16\x42"
	"\x2b\xf0\x6f\xb1\x19\xcb\xd6\x28\xaf\x96\x1d\x82\x33\x10\x00\xf2"
	"\xc7\x56\x70\x4a\xa5\xcf\xf5\x95\x54\x39\x6c\x5a\x3d\xc1\x80\x6f"
	"\x24\x6f\x66\x18\x07\x72\x02\x29\x95\xa0\x31\x24\x07\x89\x87\xb1"
	"\xb0\x93\x13\x14\x60\xb8\x0d\x1d\xc4\x0a\x33\x8c\xc0\xdf\xa4\x00"
	"\x6e\xad\xeb\xc5\x10\xb4\xe7\x90\x34\xcb\x1b\x66\x29\x03\x80\x22"
	"\x00\x9d\xfb\x05\x33\x69\xf2\x1b\x5b\xa2\x4c\xdc\xf6\x26\x3c\x8a"
	"\x87\x51\x97\x3e\x29\x88\x1b\x5e\x81\x6f\x61\x37\x14\x23\x12\x2d"
	"\x2c\x5c\x14\x60\x36\x2c\xcf\xe9\x92\x49\xf8\x87\x4f\x3c\x20\xa0"
	"\x50\x66\x3c\x59\x42\xc0\xcd\x4a\xc8\x87\xa4\x13\x9a\xd6\x2c\x99"
	"\x2f\x8c\x90\x47\x0f\x04\xeb\x1f\xd3\x0a\x03\xb7\x36\x9d\x35\xce"
	"\x5c\x4b\x69\xf7\xa3\xf5\x11\x86\xfc\xd8\xbc\x0a\x08\xe3\x19\x4a"
	"\x90\x25\x0a\x4b\xaa\x30\x60\x6c\xba\x98\xc7\xbf\x78\xbc\x3b\x37"
	"\x26\xea\x96\x36\x82\xb7\x31\xfe\x29\x3a\xe8\x53\x40\xa0\x91\xbb"
	"\xc2\x03\x69\xda\xd1\xa7\x15\x0d\xf0\x48\xf2\xbc\x86\x24\x18\x76"
	"\x05\x5a\xec\x59\xd9\x89\x34\x82\x84\xed\x94\x87\x9b\xd6\x03\x7d"
	"\x87\xe9\xc1\x0c\xdb\x4d\xf3\xb4\xc1\x14\xd1\x40\x23\x17\x8c\x82"
	"\x0c\x3b\x0a\xf3\x6f\x9d\x9f\xa0\x69\x06\x97\x8a\x5b\x87\xc2\x96"
	"\x25\xc9\x53\x43\xfa\xf5\x41\x98\x00\x1d\x00\x9a\x00\xb8\xc3\xf1"
	"\x29\x22\xf0\x1f\x90\x5e\x90\x7c\x43\x76\xb2\x31\x7d\xb4\xcc\xac"
	"\x44\x99\x30\x6e\xfc\x48\xd6\x0c\x36\xd1\xb1\xb3\x94\x1e\x39\xd6"
	"\x25\x1c\xc9\xfa\x94\xd3\xf1\x34\x0d\x25\x53\x42\x53\xa4\x3e\xb5"
	"\x87\xd9\x23\x22\x04\x33\x0d\x37\x80\x68\x92\x98\x1e\x48\x4b\x33"
	"\x6a\x4d\x73\x8a\x97\x07\x53\x15\xcf\xcf\x2c\xa5\xd3\x41\x51\x57"
	"\x55\xab\x0e\x4f\xdf\x1e\x9f\x7e\xec\x1f\x6e\x0f\x33\xfa\xd7\xe1"
	"\x01\x82\x48\x02\xe1\x64\x8c\x61\x24\x44\xc8\x46\xb4\xe4\x67\xde"
	"\x7a\x53\x8d\x84\x7d\x34\xeb\x02\x0e\x82\xfb\x62\xe1\x75\xd1\x8e"
	"\xee\xbd\xbc\x6d\x22\xf3\x3a\x1a\x5b\x7b\x1b\xdd\x79\x7a\xad\x1e"
	"\xbc\xf4\xbb\xc1\xae\x26\x26\x56\x01\x36\xc4\x97\xb3\x22\x77\x7b"
	"\x31\xdc\x4f\x46\x70\x11\x62\x49\xfb\x1b\xb5\x07\x01\x16\x3d\x2c"
	"\x46\x71\x8d\x00\x87\xcf\x8b\xe0\x22\x06\x42\x4c\x08\x21\x9c\x4a"
	"\x02\xcb\xd2\xb1\x1a\xe4\x61\x8a\x91\xdc\xc9\xfa\x15\x2d\xb4\xef"
	"\x6b\xd6\x10\x8c\xa5\x2c\xd6\x99\xa6\x87\x0d\xf8\xf4\x94\xe5\x56"
	"\xf4\xa5\xad\x9a\x76\x91\xa6\x81\x70\x6b\x3b\xff\xa8\x8b\xaa\x81"
	"\xc5\x52\x7b\x66\x08\xd6\x21\xf6\x5b\x51\x50\x13\x09\x4a\xed\x16"
	"\x41\x06\xa9\x6e\xf9\x79\x71\x5a\x5a\x75\x85\x0c\x34\x0e\x74\x18"
	"\xdd\x63\x8c\x09\x82\x67\xfd\x9a\x16\x52\x6e\x16\x33\x94\x9e\xba"
	"\xb4\x47\x18\x1b\x10\x54\xb9\x7b\xd0\x83\x57\x7e\x68\x88\x5c\x47"
	"\xb0\xfa\x88\x32\xce\x57\x0e\x12\x6b\x74\x58\x05\x66\xcb\x9a\xd7"
	"\x9e\xd2\xa3\x84\x33\xc3\x7c\xaf\x4b\xa8\x3d\x85\x01\x44\xa2\x15"
	"\x83\xd3\x53\xa3\x02\x22\xe6\xb5\xe0\xd8\x14\x4b\x77\xbd\xfb\x1e"
	"\x13\xc0\xc0\xae\x6a\xe3\x2c\x4e\xd0\x25\xd8\xf1\x32\x69\x4b\xbd"
	"\xdd\x01\x35\xc4\x34\xa0\x9a\x2e\xce\x7d\xdb\x02\xba\x56\x05\x1d"
	"\x5c\xb6\x01\x85\xa2\xa4\x8d\xa9\x7c\x16\x07\xa7\xf5\xc1\x75\xf8"
	"\xd4\x2e\x25\xa9\xcd\x3a\xe6\x70\xcc\x96\x8c\x59\x5b\x81\xcc\xa8"
	"\x2d\xf2\xa5\x6d\xc5\xc7\x1a\xda\x49\x80\x54\xa2\x86\x7c\x12\x73"
	"\x07\x77\x87\x45\x85\x35\xe6\xb6\xe4\x16\xc0\x25\xbc\x8e\x72\xf7"
	"\x7c\x37\x44\x5b\x28\x6d\x46\x58\x15\x37\x6d\x0d\xa4\xaf\xe6\x79"
	"\x76\x20\x69\x8c\xe4\x0d\xe8\x98\x95\xba\x84\xe0\x6d\x05\x19\x02"
	"\x99\x2a\xaf\x97\xcc\x0e\x14\x0d\x70\x48\x11\x80\x42\x9f\x28\x48"
	"\xae\xa2\x31\x44\xb7\x46\x34\xef\x41\x99\x91\x93\x8d\x6c\x20\x26"
	"\xf2\xd7\xf6\xc6\xa4\x70\xc1\x75\x4e\x84\x3f\x6e\x73\x68\xe1\x4e"
	"\xb8\x65\x6b\x32\x56\xea\x93\x82\x50\xc1\x95\x12\x54\x24\xba\x55"
	"\x5a\xd9\x56\x96\x85\xd2\xe8\x40\x65\xc2\xa1\x9a\xac\x4a\x58\x0a"
	"\x5d\x62\x45\x0b\x6d\x48\x56\x2f\xa9\x47\x68\x5a\x05\x03\x1c\x7a"
	"\x31\x57\x5c\x0b\x9e\x74\x17\x5e\xd1\x18\xed\xad\x11\xe9\xf1\xa4"
	"\xce\xa9\xd4\xfe\x0f\xc3\x1c\x8c\x8c\x3c\x6a\xab\x51\xda\x2f\x40"
	"\xd4\xea\x9b\xda\x7a\x23\x72\x18\xd8\xb8\xe1\x71\xc9\x33\xda\x78"
	"\x18\x0a\x31\x31\x49\xe6\x73\xc7\x2e\xf7\x0b\xf6\x27\xab\x4c\x42"
	"\x42\x5f\x6b\xab\xe2\x93\x87\x1c\x9f\x4c\x30\x65\xde\x80\x63\x33"
	"\xe6\xe7\x79\x82\xd1\x9a\xac\xe1\xf8\xca\xc4\x28\x00\x75\x4b\xe9"
	"\xf0\x24\xee\xea\xa5\x83\x34\xc2\xfd\x97\xdc\x70\x00\x69\x1a\x54"
	"\x0e\xbd\xf2\x75\xf7\xc2\x62\x66\xed\x16\xec\xc4\x5a\x93\x73\x1d"
	"\xe8\x93\xbc\x7f\x35\x11\x9b\xad\x77\xdf\x21\xe2\x3e\x16\x08\x15"
	"\x41\xb5\xc1\x56\x60\xf9\x95\x31\xc8\x7c\x94\x0b\xa2\xdc\xe1\xad"
	"\x98\x79\x87\x5b\xa8\x21\xdb\xc2\xe7\x97\x1a\x8f\xcc\x29\x35\xb6"
	"\x6f\x22\x31\x5f\xff\xef\x97\xfd\xf3\xe1\xeb\xec\x9f\x6d\x28\xf8"
	"\xf3\xe9\xf1\xdb\xdd\x7d\x5b\x3b\x34\x6c\x12\x5f\x77\xcb\x9b\xda"
	"\xa2\x26\x6b\x43\x0d\xda\x58\xa1\xb5\xf5\x64\xd6\xba\xcf\x8c\xa2"
	"\x1a\x1a\x65\x30\xd8\x01\x86\xfa\xa6\x81\xd0\xd9\x81\xc4\x68\xf2"
	"\xea\xcc\x51\x34\x73\x8f\xdd\xce\x75\x15\x1b\xac\x3d\xf1\x46\xd0"
	"\x2d\x4d\x5d\x22\x3e\x38\xb8\x45\xfb\x87\x77\xf6\xdf\x37\xb3\x14"
	"\xf1\xe9\x49\xc7\x3e\xe5\x11\x25\x5b\x4e\xa1\x51\x11\x84\x13\x02"
	"\x0d\x15\x51\xc1\x0a\x58\x21\x58\x98\xa4\x59\x61\x0e\x16\xdc\xa6"
	"\x6c\x8b\x92\x39\x84\x2e\x66\x74\x11\xd9\x55\x3a\x2c\x1e\xc8\x58"
	"\x32\x90\x91\xeb\x9a\x4a\x2b\x92\xed\x0b\x0b\x91\xf4\xaf\xd7\xc0"
	"\x3b\x6f\x40\x23\x12\x7c\xa0\x5d\x0a\xa6\x76\x93\x54\xf8\xcc\x9a"
	"\x4c\x52\x40\x30\xc5\x95\xc2\x20\x36\x48\x16\x17\x09\xe0\x69\xeb"
	"\xb0\x45\x90\x6c\x13\xf9\x34\xb5\x9d\x07\x13\x99\x54\xba\x47\x81"
	"\x47\xce\x2b\x32\x56\xa0\x6a\xff\x74\xbc\xc3\x5e\x84\x99\xfa\xf5"
	"\xf3\xf0\x6c\x2a\x8d\x8e\xd8\x75\x01\x01\x32\x44\x2c\x62\x78\xe5"
	"\x4a\x26\x5c\x0e\xa4\x46\x76\x97\x32\x1f\x58\x5f\x61\x67\x2f\xed"
	"\x9b\x2c\xae\xb5\xaf\xd4\x99\x69\xfb\x32\xc6\x67\xf2\xf6\xcf\x03"
	"\x3e\xb4\x9a\x29\x1c\xe3\x6d\x29\xaa\xe4\xdc\x2a\x02\xf5\xf0\x04"
	"\x22\x56\x3c\x44\x5f\xed\xbf\x23\x89\xd3\x6b\xc3\x76\xa7\xd7\x5d"
	"\xe5\xb2\x43\x5b\x4f\xbf\x3a\xe7\x6d\xe9\x8d\x6c\xb1\x05\xe3\x0a"
	"\x26\x5e\x3f\x7b\x76\xef\x6e\xbf\xfd\xeb\x54\xbd\x82\x5d\xba\x0b"
	"\x35\x7c\xf0\x80\x5c\xed\x22\xbb\xe8\xd2\x23\xa2\xf4\xda\x67\xc2"
	"\x64\x39\x37\x8a\x38\x25\x2b\xb5\x1c\xc9\x0a\xe2\x16\xb4\x09\xe1"
	"\xe2\x36\x51\xe0\xca\xe3\x46\x14\x1b\xb3\xea\x83\x25\x0b\x3d\x18"
	"\x6e\x9f\x6f\x4a\x33\xf6\x6b\x9b\x1f\x02\x48\x7d\xbb\x01\xdc\x50"
	"\xb9\x6d\x25\xef\x7e\x7f\xc4\xa4\x1d\xb6\x71\x7f\xb8\xed\xda\x61"
	"\x6c\x4f\xd5\x3a\x52\x19\x76\x65\xb2\x2e\xb7\x2c\x8c\x26\x79\xc5"
	"\x02\xf1\xa1\xc6\x47\x71\x71\xfe\xe9\xe2\xc3\x24\x01\x04\xd0\x82"
	"\xc7\x13\x24\x54\xc0\x51\x4f\xe0\x45\x5c\x48\x15\x85\x09\xe8\x76"
	"\x57\xf2\x89\x3d\xe6\x64\x07\xa6\x39\x26\xd5\xc4\x46\xf2\xe5\x7c"
	"\x15\xc6\x66\x4c\x4e\x1c\x52\x41\x13\x46\x14\x5d\x4d\x51\x48\x3e"
	"\xb1\xc3\x62\x0d\x46\x27\x8c\xbe\x8e\x03\x35\x04\x8d\x85\x9c\x2c"
	"\x9f\x9c\x1c\x0e\x7f\x05\x71\x77\x35\x21\x04\x94\x80\x59\xa5\x53"
	"\x73\x94\x54\x92\x29\x31\x52\xf8\xc4\xbd\x9d\x9f\x85\x49\xd0\x05"
	"\x90\x50\xec\x20\x2b\x91\x8c\x62\x32\x95\xd5\x65\x12\x30\xe2\x26"
	"\xc1\x79\x98\x02\xf4\xb8\xc2\x17\xf3\x30\xc5\x9a\x6e\xc3\xfe\xb6"
	"\xa5\xa8\xf3\x98\x4c\xdc\xde\x16\xa3\x9a\x30\xfa\x66\x22\x90\xbc"
	"\xd9\x95\xd7\x45\x35\x72\x29\xd1\x0b\x3e\x49\xff\xfc\xf9\xf8\x74"
	"\xb4\xdc\x49\xec\x17\x42\x80\x77\x4f\xfc\xf2\x35\x7c\x1f\x81\x05"
	"\xe9\x3c\x05\x69\xbd\x84\xe4\xf0\x7c\xf7\xfd\x61\xb3\x7f\x3a\xcc"
	"\x70\x19\xf1\x23\xfc\x43\x9e\x96\xd8\x9a\x23\x80\xd3\x87\xaf\x3f"
	"\x1f\xef\x1e\xdc\x65\x37\x10\xec\xeb\xba\x41\xa8\xfc\x98\x1e\xf6"
	"\xc7\x97\x27\xed\x3d\x35\x98\x88\x62\x76\x78\x7a\xda\x1f\xf7\xb3"
	"\x7f\x3f\x3e\xfd\x73\xff\xf4\xf8\xf2\xf0\xf5\x79\xf6\xd7\xdd\x7e"
	"\x76\xfc\xf3\x30\xdb\xdf\x1f\x61\xdc\xfe\x78\xf7\xd7\xe1\x79\xf6"
	"\xed\x69\xff\xe3\x80\x54\x4e\x33\x60\x43\x05\x08\x65\x5d\x34\x9f"
	"\xce\x17\x17\xf3\xcf\x6e\x7f\xdf\x80\xfd\x38\x89\xbd\x3c\x5b\x84"
	"\xb1\xf3\xcf\x97\x1f\xcf\x6d\xc1\xb5\xf0\x17\xe7\x67\x1f\x3f\x78"
	"\x85\xde\x22\xbb\xfc\xf0\x71\x62\x09\x97\x17\x97\x61\xec\xfc\xec"
	"\xfc\xf2\xe3\xfc\x53\x10\x3d\xff\xf4\xe9\xd3\xc7\x8b\x20\xfa\xe3"
	"\xe5\xf9\xd9\xe7\x4f\x56\xa6\x45\xd6\x0c\x30\x3d\xc5\xf9\xf9\xc5"
	"\x47\xbf\x7d\x77\x09\x2f\xe6\x1f\x2e\xdf\x44\xf8\xf1\xf2\xc3\xe2"
	"\x2d\x84\x17\x67\xf3\xb9\x7f\x6a\xb4\x88\x4d\x4a\xf2\x15\x17\xc6"
	"\x41\x9c\x5d\xfc\x1d\xe2\xcf\x61\xe2\xeb\x24\x85\x6b\x3f\x3b\x51"
	"\x9f\x9d\x2d\xde\xbe\x0e\x3a\x3f\xbb\x9c\x07\xaf\xfc\x72\xa5\xeb"
	"\x54\x72\x2c\x33\xf3\x45\x87\x0a\x98\x0b\xa4\x59\x5c\x7a\x68\x2c"
	"\x8a\x35\x69\x5b\x41\x2f\x3e\x8f\x67\xe8\x71\x97\x9f\x5e\x1b\x7e"
	"\x75\xf1\xd9\x4e\xbd\x23\x8c\x47\x4b\x70\x73\xbe\xd2\x72\x1b\x56"
	"\x15\xf1\xf8\xb1\x53\x16\xbe\x30\xbb\x14\xfa\x61\xf9\x6a\xa8\x5e"
	"\x70\x85\xf5\x2e\x84\x5a\x0d\x32\xb5\xf7\x19\x3b\xe3\x98\xde\x40"
	"\x80\x84\x09\x83\xf5\xc0\xd1\x35\x72\x04\x4b\x5a\x3d\xc1\x9a\xe7"
	"\x90\x0f\x13\xb1\xf3\xd6\xc9\x35\x8d\xf9\x9c\xd5\x0e\xd2\x39\xb4"
	"\xd3\xf3\x03\x62\xe4\x5b\xe0\x4d\x73\xfe\xe1\xcc\x21\xbd\x38\xf3"
	"\xfb\xc6\x96\x8b\x9f\xcd\x15\xb0\xb1\x0f\x39\x13\xd8\xc6\x13\x8a"
	"\x44\xbb\x47\x18\x10\x10\xfd\xfa\xe2\xa9\x21\xb4\x67\xd7\x56\x8d"
	"\xb1\x31\x34\x77\x59\xe9\xbc\x09\xf0\x5d\x17\x45\x10\x3d\x3c\x7d"
	"\xd8\x81\x44\x4e\xe3\xbe\x2a\xdd\x38\x13\x0c\xb5\x99\x2a\x2d\xb1"
	"\xb5\x98\x99\x0f\x57\x1b\xe7\x65\x69\x78\xe1\x18\xf6\x87\x45\x39"
	"\x95\x47\xa9\xf4\x55\x6b\x75\xc5\xae\x2a\x40\xe8\x32\x22\x7c\xf5"
	"\xf2\x98\xc0\x11\x36\x6d\x54\x6f\x95\xde\x26\x57\x3d\x6c\xb9\x20"
	"\x65\x4d\x7c\x18\xb7\x44\xd8\xf2\xa9\x74\x63\x9f\xf2\x71\xa2\x5b"
	"\x48\xce\x0b\xea\x43\xad\xe1\x7f\xc5\xa9\x89\x65\x82\x62\x3c\xa9"
	"\x93\xdb\x97\xbc\x89\x38\x57\xed\xfa\xec\xd2\x5e\x07\x6f\x7b\x64"
	"\xf1\x3d\xdc\xa7\xd4\x55\xce\x54\x53\xa9\x36\xdb\x44\x75\xbd\xb4"
	"\x6a\x75\xb1\x9d\x95\x7a\x9a\x1c\x27\xda\xed\x23\xd0\x25\xfb\x49"
	"\x7f\x25\x8b\x89\x44\x50\x1f\x49\x81\x15\x64\x60\x77\x75\x79\xf6"
	"\x79\xe1\x57\x80\xee\xe8\x53\xc2\xf2\x5a\x58\xfc\x6d\x4c\xa0\xb8"
	"\x32\x2e\x0d\x87\x43\x37\x94\x39\x09\x11\x68\xa5\x9b\x8e\xbc\x35"
	"\x50\x0a\x29\x3f\xca\x9c\xd5\x4d\x2b\x38\x8c\x73\x46\x0c\xa6\x36"
	"\xd0\x65\x71\x53\x71\xee\x2f\x2a\xdd\x44\xb5\xaf\xa8\x70\x23\x8b"
	"\xde\x04\x0c\xd6\xaf\xeb\xed\x86\xb3\xac\x42\x25\x94\x7e\x9c\x7e"
	"\xdf\xf3\xf0\xed\x0b\x78\xba\x7b\x1c\x32\x6a\x10\x63\xbb\x0f\xb9"
	"\x7d\xd7\xc2\x2e\xae\xbe\x9a\xef\xb7\xc4\xba\xb9\x40\xcf\xe2\xf3"
	"\x65\xdd\xab\x89\xb5\x7a\x22\x08\x56\x37\xfc\xec\x3a\xa4\xfb\x02"
	"\xe0\x25\x5e\xd1\x2d\xf5\x07\xc0\xb1\x20\x32\xd3\x8f\x54\x5e\xf4"
	"\xd6\xdb\x0e\xd9\x96\x0d\xb1\x91\x0e\xfd\x11\x17\x90\x90\x18\x1f"
	"\x6b\xd4\x25\x8a\x6e\x57\xd7\x25\xaa\xa1\xf9\x99\xdd\x06\x4c\x4b"
	"\x48\x70\x41\x50\xb0\x7f\x1e\xf2\x48\xfb\x2d\xa7\x75\xca\x52\x46"
	"\x89\xa9\x69\x8a\x2d\xf1\x2b\x05\x7c\x81\x00\x3b\xd2\x0f\x87\x1c"
	"\x55\x59\x6f\x81\x30\x78\xfd\xc9\xe8\x25\x32\x3f\x20\x00\x03\x53"
	"\xd4\xb9\xa3\xb0\x71\x35\xff\xd0\x74\x4d\x06\x3e\xbc\xa4\x0a\x62"
	"\x00\x1f\xa6\x5b\xe7\xa6\x51\x2a\x12\x67\x70\x1d\x65\x5f\xa3\x00"
	"\xcc\x5f\x9f\xfe\x98\xcf\xf6\x4f\xb7\x7f\xde\x1d\x0f\xb7\x10\xe5"
	"\xef\xef\x67\xdf\x86\x70\xdf\xe2\x00\x5e\x80\xa4\x49\x54\x8c\xbf"
	"\xc5\x19\x4d\x96\x4b\xda\x55\x5e\x3c\xb1\xd4\x3a\xa3\xa3\x4c\xa3"
	"\x5d\xc9\xf9\x1b\x57\x52\x13\x3e\x66\x5b\x81\x15\x09\x86\x4e\x7d"
	"\xfd\x56\xfb\x8f\x26\x27\x62\x49\xdd\x35\x77\x24\x55\x6e\x7a\x38"
	"\x41\xf1\x75\x52\xd9\xe6\xfe\xf4\x40\xa4\x0b\xe0\x3e\x78\x5f\xeb"
	"\xa7\x4b\xac\x2f\x76\xfd\x33\x6d\xf6\xf8\x08\xcb\x7b\xfc\x89\xf5"
	"\x20\x63\x5b\x5d\x61\xd4\xfe\x82\xa1\x2b\x96\x6a\x11\xf6\x8a\x3c"
	"\x4d\xd9\xe8\x20\xeb\xe7\xc3\xd3\xf3\xcf\xfd\xed\x61\xf6\xe5\xee"
	"\x61\xff\xf4\x6b\xa6\x1b\x47\x8e\xc6\x5c\x11\x38\x96\x02\x65\x3d"
	"\x1d\x3d\xf0\xf8\x50\xf0\xa3\x6b\x09\x32\x3a\x38\x40\xb0\x51\x11"
	"\x4f\x2e\x00\x9f\xcd\x32\x4a\x40\xbb\x7c\x06\xa3\x63\x2b\x63\xc1"
	"\x2a\x35\xf2\x77\x84\xd7\x7e\xbb\xd1\x0d\x2b\x98\xf4\xb5\xaa\xe0"
	"\x22\xec\x17\xeb\x53\xd5\xb5\x4d\x78\x1f\xff\x7d\x78\x9a\xfd\xd8"
	"\x3f\xec\xbf\x1f\x7e\x1c\x1e\x3c\x87\xde\xbd\x73\x19\x2a\xd4\x02"
	"\x8c\x4a\xde\x10\x31\x77\x28\xb9\x62\xe0\x53\x76\xa5\xdf\x44\x65"
	"\x2c\x02\x5b\x12\x6c\xf2\x28\x1a\x99\x53\x6a\xac\xb8\x87\x74\x5f"
	"\x10\x0d\x16\xb3\xd0\x9d\x88\x1a\xe7\x67\xb4\x21\x2b\xaa\x3b\xf7"
	"\x2d\x66\x27\x68\xf7\xa1\xcc\x99\x17\xb7\x8c\xcd\x41\x16\x83\xbe"
	"\xb5\xc0\x5a\x49\x57\x1d\x9f\x68\xfd\x01\x2a\x6c\x31\xe9\x4f\x69"
	"\x62\xef\xe3\x19\x12\xbd\x36\x15\x67\x09\x5f\xfa\x07\xf2\xca\x3e"
	"\x32\xab\x33\x62\x73\xdd\x54\x7c\x83\x26\xf1\xf4\xf8\x38\x8a\x7e"
	"\x75\x7f\x4e\xe1\x06\x9d\xc3\x5d\x61\x7f\x9e\x64\x9e\x80\xba\xbb"
	"\x74\x03\xdd\x37\xf6\x77\xe2\x55\x9c\xc4\xab\xaf\x8d\x20\x8e\x7d"
	"\xbd\x3f\x18\xba\x0d\xb3\x77\x5f\x17\x38\x90\xb6\xfd\xb0\xc2\xaf"
	"\x43\x04\x5b\x3b\xdd\x56\x27\xa2\x25\x5f\x83\xc1\x4a\x9c\x5a\x9b"
	"\x8f\xaa\xa0\xa5\xd1\xd1\x9e\xa8\x16\xa3\x3f\x64\x93\x86\xc9\x3f"
	"\xad\x71\x96\x3c\xdd\xfd\x65\x3d\x3e\x00\x16\x59\xba\x1f\x43\xe8"
	"\xd3\xc0\x1e\x78\x39\x4c\x08\x5e\x1c\x56\x9e\x8c\x0c\x10\x32\x4f"
	"\x9f\x0e\xff\x7a\x39\x3c\xdc\xfe\x9a\x3d\xdf\xee\xef\xad\x0f\x1d"
	"\x70\x3c\xe8\xd7\xb5\x7d\x1a\x08\xd1\x5b\x20\x4a\x89\xa6\xed\x6a"
	"\x76\xd1\xb8\x0f\xf7\x80\x34\xa2\x37\x42\x38\xde\xe8\x49\xf5\x07"
	"\x11\xde\x41\x28\x40\x12\x6c\xd1\xdb\x87\x60\xdb\x8c\xee\x4d\x7e"
	"\xfb\x10\x5e\x26\x10\x8f\x95\xc9\xdb\x47\x00\x0e\xa6\x59\xeb\x0e"
	"\xce\xc0\xdd\x8f\xc6\xe8\x4c\xb4\x56\x2c\x0f\x1c\x70\xa8\x69\xd7"
	"\xa2\xf1\x9d\x87\x8f\xf0\x74\x0a\x41\x56\x6f\xdb\xf4\xdf\xd9\xac"
	"\xbb\xc9\x93\xd0\x7d\x73\x85\x6e\xf6\xf5\x24\xde\xe6\x94\xed\x91"
	"\xa9\x50\x21\x47\x57\x53\x20\xbb\x52\x28\xe3\x2d\x75\x90\x74\xc5"
	"\xc4\x6a\xc3\x79\x32\x49\x78\xcd\x05\xbb\xf6\x51\x0c\xbd\xe8\xe6"
	"\x67\xa6\xa0\xb5\xe5\x52\x58\x4d\x73\x08\xa4\x3d\x4c\xef\xa6\x3c"
	"\x1c\xb1\xa6\x8a\x9b\x1c\xb9\x35\xb8\x8f\x95\xfd\x59\x40\x0b\x69"
	"\x12\x46\x7c\x16\xb6\x2e\xd9\xd6\x7a\x5b\xdb\xc2\xf9\x5a\x69\xa9"
	"\x86\xb9\xa3\x87\xcc\x2c\xf7\xf9\xfc\x6d\x2a\x0c\x8b\x8b\xbf\xf4"
	"\x87\xc4\x0e\xa8\x6b\xbd\x36\x41\xb2\x8e\xb0\xf5\x8e\xc5\x3b\x73"
	"\x09\x1a\xd5\xa6\xb1\x34\x30\x5b\xdb\xf5\x28\x55\x1b\x73\x9a\x08"
	"\x56\x75\xf9\x8a\x71\x9e\x2b\x6a\xf1\xef\x40\x13\x53\x30\xeb\x9e"
	"\x20\x0a\xd0\xc6\xdb\xfe\xaa\x0d\xa0\x27\x6f\x29\x20\xac\x71\x9e"
	"\x38\xb1\xd1\x2c\xc2\x36\x01\x1a\xcc\xad\x7a\xbe\xe8\x14\x74\xd4"
	"\x29\x1d\x0e\x9a\x6d\x47\x43\xec\x6f\x55\x5c\x22\xf0\x28\x11\x37"
	"\xe3\x53\xc0\x54\x65\xe5\xfe\x6e\x92\x2c\xae\x9c\x59\x10\x8c\x75"
	"\x08\x7f\xaa\xd5\x11\x08\x22\xfc\x78\x2d\xc4\x15\xab\x02\x1f\x5e"
	"\xb0\x6a\x89\xf1\x23\x64\x2a\x5b\x47\xf0\xab\x46\xd5\x65\x69\xf7"
	"\xb2\x9e\x46\x84\x96\x52\xe8\xdd\x7a\x9b\xf4\x4b\xb0\x2a\x7c\xc5"
	"\xa8\x74\xe7\x59\x2b\x66\x83\xea\x24\x34\x77\xca\xeb\xe0\x26\x01"
	"\x37\x2c\x5a\x06\x84\xa6\x21\x99\xf9\xe1\x07\xea\xb2\xb4\xcf\xbb"
	"\x83\x61\xef\x79\xa0\xbd\x85\xb5\xcb\xb6\xc5\x58\x03\xdb\xaa\x01"
	"\x7e\xe4\x50\x8b\xa8\xe9\x12\xdc\x85\x45\xa2\x75\xe0\xb4\x39\x6b"
	"\xb0\x0f\xd8\xaa\x1a\x7e\x97\xde\xd6\x5c\xec\xbf\x41\xe0\x50\x4c"
	"\x33\x88\x28\x75\xc7\xa2\x19\x71\x57\x11\x57\x3e\x30\x5e\x89\x07"
	"\x2c\xc8\xc6\x07\x46\x10\xc8\x14\x76\x36\x1a\x59\x36\xb2\x86\x7f"
	"\x2e\x4f\x6a\xe9\x41\x45\xcc\x2a\xc4\x9c\xe0\x71\x1d\x05\x9e\xe2"
	"\x4e\x24\x1b\x98\x0f\xed\xff\x34\x55\x06\xff\x7a\x85\x42\xbe\x4e"
	"\xb2\x8b\x72\x32\x4d\xb2\xa6\xcb\xc0\x2b\xf0\x89\xa4\x5c\x4f\xe3"
	"\xf1\x79\x11\x05\x6a\x9a\x2a\xaf\x5e\x5b\x48\xc9\xa7\x29\x76\x94"
	"\x64\xd3\x14\x2c\x87\xe4\x97\xb3\x57\xf6\x93\xc4\xaf\x1e\x5c\x9c"
	"\x2c\xa7\x09\xa2\x48\x4c\x14\x37\x1d\xe9\xe8\xc1\xc2\xd9\xa2\x83"
	"\xee\x99\x5f\xbd\xfb\x72\x77\xfb\xce\x14\xb9\x22\xf9\x20\xad\x4f"
	"\x43\xab\xf5\xc2\xfe\xd5\x79\x0e\xac\x38\xa5\x3e\x8c\x2e\x0c\x3b"
	"\x88\xf6\x83\x2b\xf4\x7d\x4d\x42\x12\x5b\x35\x16\x23\x03\xb4\xf0"
	"\x59\xa0\xc5\x1b\x4c\xd0\x62\x6c\x83\x70\xf6\x82\x55\x0b\xdb\x81"
	"\x00\x90\xe5\x24\xc8\x25\x68\x91\x16\x01\xe8\xab\x36\x69\xf1\x8a"
	"\x51\x5a\x8c\xad\x92\xb3\xfb\x01\xaf\x4f\xb9\xfb\x84\x2d\x94\xcb"
	"\xeb\x2d\x5a\x5e\x44\x43\x24\x53\xa3\x83\x00\x58\xb3\x10\x49\x88"
	"\x49\x99\x30\x19\xeb\x3a\xbf\xda\x55\xd4\xe1\x37\x76\x49\x1a\x1c"
	"\xf6\x86\x80\x0c\x39\xac\x1e\xd9\x31\x0d\xad\x67\x1c\x7e\x58\x9b"
	"\xa9\x23\x6c\x5d\x94\xa3\x25\x8d\xbd\xb0\x73\x0a\x74\xb9\x68\xf2"
	"\xcd\x78\x6e\x0f\x59\x56\x90\x38\xe4\x73\xf5\x77\x08\xfe\xc0\x02"
	"\xff\x12\x09\x16\xa7\x0b\x22\x56\xae\x17\xaf\x14\x28\x64\x4e\x20"
	"\x8f\x4f\x77\x21\xd6\x7a\x7c\x95\xed\x74\x9d\x1a\x02\xb4\xc2\x2d"
	"\xc4\x0f\xa4\xee\x07\x03\x27\x90\xe9\x68\xda\xbc\x03\x7b\x31\x20"
	"\x5c\xff\x76\x87\x5d\x11\xa1\xbf\x8f\x34\x8c\xf7\x05\xff\x1d\x0a"
	"\x77\xcf\x4a\x77\x6b\x36\x32\xf4\x2d\xfe\x98\x50\xff\xc1\x91\x89"
	"\x69\xf0\xcb\x72\x03\x8d\x1f\x06\x96\xa5\x7e\x36\xb0\xa0\xfa\x5b"
	"\xf5\xd1\x5f\x5c\xe8\x10\xc0\x2a\xa1\x6b\xdf\x72\x0c\x76\x4d\x77"
	"\x5f\x3e\x94\xef\x36\x4d\x3c\x16\xf5\xe5\x6b\xfc\xb1\xc1\xcd\x7c"
	"\x95\xb4\x90\xe3\x8f\xe5\x2c\x34\x8a\x42\xa8\x3e\x39\x22\xd4\x32"
	"\x13\x58\x8d\xc2\x65\x28\x0e\x1e\x2b\xae\xec\xa5\xf4\x98\xa5\xf9"
	"\x2e\x6a\x22\x64\xac\x02\x43\x20\x44\x82\x4c\x95\x06\xb6\x46\x30"
	"\xf1\x26\x01\x64\xea\xf2\x3c\x61\xb2\x8b\xf3\x8b\x00\x8a\x89\x38"
	"\x80\xf1\xfc\x89\x0f\x0b\x0f\x92\x10\x31\xee\x7e\xbb\x6d\xdf\x75"
	"\x19\x3c\xbc\xe1\x2a\xab\xe0\xb2\x25\x29\x43\x07\x21\x59\x68\x90"
	"\x4a\xc7\x47\x3b\xa8\x99\x0f\xdc\x4b\xc4\xb4\x16\x2e\xf3\x9a\x36"
	"\x7e\x45\x4c\x9b\x92\xd8\xa7\x04\xbf\x75\x71\xcd\x8c\x4e\x3b\x70"
	"\x40\x66\x06\x94\x4f\x02\x06\xec\x48\x72\x10\xe5\x11\x0b\x04\xa7"
	"\x1e\x52\xf7\xbe\x11\xe6\x1e\x26\xc2\x94\x6f\x30\x3e\x98\x09\x1a"
	"\x2b\x9f\x8d\x81\xd4\x0c\x56\xb8\xdd\x39\xc2\xd0\xba\x9c\x49\xf3"
	"\xb5\x3d\xb9\x25\x6d\x5e\xb7\xc7\xfd\x97\xfb\xc3\xf3\xec\xf6\xf1"
	"\xc7\x97\xbb\x87\xc3\xd7\x59\xf7\x97\xab\x7c\xa6\x75\xab\x5c\x53"
	"\x63\xa2\x50\x28\x3a\xb4\xc5\xf9\xb8\x7f\xfa\x7e\x38\x5a\x45\x24"
	"\x6b\x9c\xc2\xb7\x24\xd5\xfe\xe5\xa3\x90\x67\x19\x51\xeb\xbf\x7f"
	"\x20\xeb\xe2\x95\xad\x9e\xc8\x3b\xcf\x15\x58\x7a\x4f\x35\xec\xe0"
	"\x15\xaa\xc1\xac\x4e\x11\xaa\x69\x7c\x22\xe3\x6a\x9a\x22\xcb\xfd"
	"\x5a\x62\x50\xe0\x32\xde\x78\x08\x58\x75\xd6\x5f\x8e\xbf\xc6\x34"
	"\xf7\x76\xf2\x7b\x29\x2d\x17\xe7\x21\x98\x38\x25\x5b\x8b\x3d\x63"
	"\x4b\xfc\x2b\x02\xaf\x9c\x50\x99\xbe\xba\x84\x32\xed\x3d\xf5\xe4"
	"\xa6\x4b\xae\x2d\xda\x9b\x25\x10\xab\x5c\xfe\x3f\x8d\xe6\xa5\x9e"
	"\xd0\xe5\x81\x4a\x51\xfa\x0a\x41\xaf\xf4\x53\x34\xf6\x5f\x73\xf0"
	"\x91\xbc\x49\x7c\x21\xd9\x2a\xa4\x7c\xed\xd8\x80\x0a\x22\x7d\xfc"
	"\x42\x6b\xdc\xe8\xdb\x5b\x80\x1f\xfb\xe3\xed\x9f\x13\x26\x45\x61"
	"\x2b\x7e\x92\x08\x3b\x7e\xf7\x10\x39\x7f\x3f\xc5\x43\x11\x87\xff"
	"\xf8\x88\x8f\x3a\xaf\xa5\xf2\x3e\x0b\xf9\x88\x21\x48\xb3\x3a\x9e"
	"\xbc\x34\x65\x19\xed\x14\x95\xaf\x2d\x13\xe8\x26\x02\x71\x2f\xb9"
	"\x7e\x90\x7c\x6d\xf2\x89\x6b\x1d\x88\xfa\x20\x74\x72\x85\x55\xfd"
	"\xd6\x53\x44\xef\xfa\x66\x5a\xba\xfe\x5b\x37\x84\x36\xf2\x6d\x67"
	"\x44\xe3\x72\x72\xe3\x6d\xc6\x1e\xc6\xe3\xb7\xa0\xaf\x9f\xb1\xfb"
	"\x57\x28\x7d\x24\xf9\x24\xda\x53\x4b\x1f\x93\x40\x8e\xbe\x9c\x56"
	"\x85\xfc\x5c\x4d\x33\xf9\x7f\xca\xae\xae\xb9\x6d\x1c\xd9\xfe\x15"
	"\xd5\x3e\xcd\x54\xed\xde\x88\xd4\xf7\xad\x9a\x07\x08\xa4\x24\xc4"
	"\x04\x49\x13\x94\x44\xe5\x85\xe5\x89\x3d\x1b\xd7\x26\x71\xca\x76"
	"\x76\x66\xfe\xfd\xed\x06\x29\x89\x20\xd1\x80\xee\xc3\x64\x2c\xf4"
	"\x21\x08\xe2\xb3\x01\x74\x9f\xee\x73\x6c\xda\x20\xde\xcf\x85\x7d"
	"\xa4\x47\xee\xe9\x6e\xcd\x66\xb8\x39\x6d\x70\xb5\x73\xba\xe9\xef"
	"\xbb\x5c\xe8\x4c\x6d\x6e\xeb\x14\x3d\x0f\x23\x0b\xe2\x72\x53\xe2"
	"\x80\xdc\x95\xde\x99\xe9\x7e\x9f\x99\x04\x4d\x16\x8c\x65\xc5\x70"
	"\xc2\x63\x96\xc8\xdb\xc1\x3c\x4e\xcb\xdb\x2a\xa5\xa7\xd4\x5a\x00"
	"\x59\x7b\x01\xe6\x80\xf4\xc9\x5d\xad\x08\x7d\xa0\xe6\x41\x15\x86"
	"\x2b\xbb\x05\x72\x59\x87\x1c\x10\x21\xdd\x85\xd9\x4f\xc2\xde\x05"
	"\x8d\x8a\x4b\xea\x3e\xe4\xa0\x06\x2b\x99\xc8\xff\xf7\x86\x33\x88"
	"\x0d\x1e\x5f\x16\x4c\x9f\xc4\x4c\xa9\x1d\x60\x5f\xd4\x54\xf6\x30"
	"\x3d\x42\x87\xc3\x26\xb1\x7f\x2a\xd0\xbb\x36\x32\x85\x83\x8c\x8a"
	"\xf8\x23\xda\xff\x0e\xd2\xf5\xfe\xc4\x96\x28\x99\x02\x8d\xa9\x60"
	"\x51\x6c\x97\xdb\x77\xdb\x5a\x92\x5b\xb6\x31\xe6\x76\x18\xea\x17"
	"\xd2\x45\x3e\x3c\x1c\xc3\xf4\x56\x17\xd8\xd9\xd3\x8d\x29\xbe\x2b"
	"\x28\xf2\xfe\x79\x52\x57\x5a\x76\x59\xb2\x1a\x81\x1d\x7e\xd1\xd5"
	"\x3e\x1a\x9a\x9a\x21\xec\x6c\xbc\x0c\xb1\xa1\xcd\x1a\x4f\x5c\xab"
	"\x93\x00\xf4\xf5\xdc\x5e\x61\xfa\x8a\xe3\xf9\xd3\xd2\xad\x69\x63"
	"\x62\x3c\xd6\x6a\x36\xd6\x2b\x44\x03\x68\xa9\xd3\xb3\x66\x37\xac"
	"\xb6\x82\x1d\xfb\x49\xa0\x4a\xee\xd1\xf7\xb9\x9f\x0e\x7d\xd4\xde"
	"\xc4\x8c\x6a\x2c\x10\x5c\xbf\xaa\x1d\x75\xff\x9d\xff\x7f\xc7\xdd"
	"\x9c\x1e\x77\x73\x62\xdc\xcd\x6d\xe3\x6e\x4e\x8c\xa1\xf9\xe0\xf0"
	"\x6e\x90\xd8\x0e\xac\xb9\x67\x60\x19\xb7\x16\xf3\xde\xa8\xe8\xb4"
	"\xea\xbc\x3b\x30\xac\xcd\xd9\x41\xc4\x7b\x31\x9f\x92\xcf\x63\x25"
	"\x11\xb3\x5e\x07\x85\xfa\xbc\x1f\xb5\x4b\xfc\x18\xfc\xca\xc6\xaa"
	"\xd1\x8f\x95\xde\x6f\xeb\x74\x1c\x7b\x16\x56\x2e\xd3\x16\xd1\xdd"
	"\x51\x9b\x92\x61\x6f\x9c\x3b\x27\x83\xb9\x67\x36\x98\x1b\xc3\xd3"
	"\x4c\xee\x0d\xa0\x79\x6f\x04\xf5\x3f\x2b\x65\xe4\x22\x45\x2a\xdd"
	"\xb8\xb6\x71\xc2\xee\xa0\x20\x88\x35\x4b\x8a\x5b\x9b\x95\xb6\x13"
	"\x96\x56\xf7\xbc\x52\x7e\xc3\x6f\x1b\x4d\xb2\x09\x38\xd8\xfd\xd7"
	"\xd6\x85\x88\xb6\x31\x45\x76\xa2\x6f\xa6\x55\x5f\xb3\xc2\x24\x6b"
	"\x66\x87\x84\xa5\xf5\x72\x1c\x06\x76\x4b\xa2\x24\xe1\x21\x51\x69"
	"\x84\x1b\x6b\xc9\x12\xfb\x91\x40\x15\xda\x7d\xe6\x12\x96\xdb\x7d"
	"\xb9\xf3\x5d\x96\x12\x3a\xc7\x3c\xc9\x8e\x39\xe1\x83\x2b\xe2\x38"
	"\xc6\x0f\x9a\x4d\x09\x63\x90\x33\x25\x81\x9e\x31\xef\x7f\x3e\xfd"
	"\x7c\x7a\xfe\xfe\xef\x0f\x2d\x31\x42\x8f\xe6\xa4\xc5\xd7\x7c\x7d"
	"\x4f\xe7\x56\xef\xca\x75\xbf\xbe\x75\xf2\xc6\x6a\x46\x7c\x16\xe7"
	"\x85\xc8\x6c\x8f\xe9\x1d\xc0\x3d\x69\x01\xa2\xb4\xf2\x1a\x39\xe5"
	"\x6a\xb3\xf6\xc8\xdd\xf9\x97\xf1\x7d\xe2\x06\xac\x37\x4e\xf9\xd6"
	"\x57\xc2\x48\xf5\xcf\xe1\x06\x10\xf8\x7f\x2c\xdd\x99\x14\x85\x53"
	"\x2e\xef\xb1\x8e\x9d\x10\xbe\xcb\xee\x62\x27\xe2\xde\x53\x57\x1c"
	"\xed\xfb\x9d\x88\xcd\xfd\x4d\x20\xa7\x78\xb7\x73\x57\x78\x2e\x62"
	"\x47\x57\xbb\x5e\xf1\x0d\x1f\x4c\x08\x0b\xeb\x4b\x25\x0f\x89\x8c"
	"\x9a\x11\xf2\xf5\xe1\xed\xed\xf9\x8f\xe7\xcf\xc3\x8b\x45\x50\xa6"
	"\x7a\xf6\x4f\x90\x80\x9e\x0b\xa6\x65\xc3\x59\xa0\xef\x71\xa9\xd1"
	"\x8a\x80\xcd\x71\x98\x5b\x6f\x83\xd2\x26\x0d\xe8\x84\x07\x00\x67"
	"\xb7\xd3\x2f\x83\xb9\xc5\x09\x20\xe9\xa1\x2f\x1f\x3a\x38\x74\xbb"
	"\x64\x1c\x17\xce\xac\xf5\xaa\x6c\xe7\x7f\xd5\x16\x5b\xd2\x8c\x7d"
	"\x70\x4d\x6b\x59\xac\x26\xa1\x99\x67\x2b\xe4\x92\xb6\x9a\x6b\x21"
	"\xfa\x10\xce\xf9\xda\x7e\x8d\x77\x24\x32\x2e\x99\xef\x05\xc8\xe8"
	"\xe6\xa8\x33\xc6\xfb\x07\x1e\x98\xd4\x1c\x36\xd0\xe3\x13\x21\x48"
	"\x0e\x46\x64\x8c\x62\x29\x8a\xc2\x64\xde\x3e\x4b\x14\x93\x79\xe2"
	"\xce\x1b\xf4\x4b\xa7\x9c\x52\x37\x2e\xc5\x8f\x1d\x57\x34\x4d\x21"
	"\x84\xa3\x6d\x34\xe0\x6e\xed\xcd\x84\xf7\xee\x75\x06\x00\x5c\xe5"
	"\x9d\x00\xe8\xb2\xee\x37\xb4\x27\xa5\xbe\xa2\xca\x2c\x72\x57\xe8"
	"\xc6\x5d\xe1\x8d\xb1\x06\xda\xc5\x3a\xc7\x89\x48\x23\xc7\x6c\xb7"
	"\x11\x1b\x63\x61\x8d\xb8\x8d\xb7\x35\x4a\x15\x32\x81\x67\x18\x7a"
	"\xc5\x20\x77\x02\x15\x8e\x69\x86\x26\x6b\x11\xb2\x3c\x4e\x0f\xea"
	"\x28\xa0\x4f\xdb\x15\xaa\x66\x9b\xa4\x48\x6b\x12\xbc\xac\x25\x2d"
	"\x9b\xa1\x47\x92\x4f\xd6\x29\xc1\xbd\xb7\x53\x8e\x65\x50\x97\xb4"
	"\x67\x12\x61\x20\x92\x09\x6e\xb3\xf0\xf0\xc7\x85\x4a\xb9\xb2\x11"
	"\xfb\x15\x5d\xb2\xfe\x62\xa3\x23\x39\x74\x0d\xa1\xaa\x5c\x59\xf8"
	"\xdb\xb5\x79\x0c\xb5\x32\x77\x30\xcd\x25\x24\xd5\xd4\x05\x86\x2a"
	"\x50\xa7\xda\xe4\x7e\x5e\xdf\x0f\xf9\x9b\xfb\x04\xcc\xaa\x2c\x62"
	"\x26\x2d\x9c\x60\x5d\x43\xdb\x04\xa3\xbd\xb4\xe7\xbd\x5d\x0b\xf8"
	"\xd1\xfb\xd3\xdb\xbb\x45\x4d\xcc\xef\xca\x5e\x7c\x0c\x43\x5c\xf2"
	"\x5c\xd3\xca\x92\x80\xa8\xc8\x60\x3b\x9f\xa5\xa2\xcc\x0a\x82\x1d"
	"\x57\xc2\x4e\x98\xaa\x35\x62\x80\xaf\x09\xaf\x03\xd8\x59\x55\x05"
	"\xb5\x87\xd9\xd4\x77\x9c\x60\x29\xf6\xd4\x1c\x5a\x9b\x17\x7b\xe3"
	"\x10\xe3\x28\x30\x96\x53\xf7\x3c\x92\x6f\xb6\xa8\xa0\x77\xe8\xb5"
	"\xd2\x44\x27\x68\x97\x2e\x34\x88\x33\x03\x25\x34\x68\xec\x9e\x71"
	"\x02\xc3\xaf\xa8\x8f\xac\x48\x41\xa5\xb1\x5d\xdb\x5f\xd0\x3c\x46"
	"\xba\xdc\x96\xff\xb8\xce\xd2\xbd\xa5\x00\xe8\x2d\x09\xc0\x24\x41"
	"\x1a\xd3\x7a\x27\x7a\x66\x39\x06\x0c\xd9\x3b\x2b\x1d\x43\xad\x70"
	"\xbd\xf6\x6c\x8e\x99\x2b\xe2\x1b\xa8\xd0\x38\x17\x88\x8e\x5e\x86"
	"\x64\x92\xf0\xd6\x68\x6d\x29\x34\x2f\x22\xd6\x89\xa0\x36\x7c\xc9"
	"\xb1\xb7\xd4\x5e\xb7\x5a\x62\xad\x11\xf6\xa9\x87\xf1\x81\xb0\x27"
	"\x42\x2d\x43\x5f\xfb\x68\xf7\x66\x4d\x9a\x30\xbe\x66\x70\x14\x90"
	"\x6a\x9b\x23\x36\x77\xa2\x3b\x42\x9b\xdf\x78\x67\x6e\xd4\x51\x9b"
	"\x2c\xd2\x9c\x30\x7e\x6a\x01\xdb\xdc\xa1\xd2\xaf\x08\x3f\x7a\x26"
	"\x08\xad\x30\xce\xf1\x56\x87\xd8\x2d\x6d\x08\x5e\x24\x8f\xe6\x40"
	"\x2d\x72\x36\x5b\xc4\xf3\x62\xa4\xca\xfa\xcc\x0d\x70\x76\xad\x2f"
	"\x32\xdd\x37\x07\x5a\x3b\x8c\x03\x5c\x44\xac\xed\x74\xd2\x6c\xb3"
	"\x2d\xa2\x47\x09\x11\x5f\x67\xc3\x96\xc2\xe9\xbf\xcf\x9f\x09\x8f"
	"\x3c\x26\xd7\xcc\x88\x92\xf6\xfc\xb9\x05\x8e\xb2\xbe\xf7\xcf\xbe"
	"\xe1\x6f\xef\x5f\xf4\x19\xc9\x35\x7a\x8e\xfc\xf6\x8f\x0f\x6f\xbf"
	"\x3f\x7f\xff\xf0\xe5\xe5\xfd\xc7\xd7\x9f\xff\xfe\x47\xd7\xc6\xf9"
	"\x50\xca\xdc\x3a\x2e\xa0\xcb\xa5\x11\x4b\xb2\xd4\x88\x28\xd0\xe4"
	"\xbd\x11\x85\x84\xb9\x20\x6e\x82\xe2\x74\x78\xf1\x8e\x9a\xf3\xd3"
	"\xa0\xca\x3b\x43\x45\xda\x7a\xdf\x77\x23\x36\x94\x05\xbb\x20\x3a"
	"\x81\x31\x2e\xf9\x34\x9c\xd5\xfd\x2f\xb4\x8a\x91\xfe\x27\x31\x83"
	"\xc3\x20\x83\xc2\x51\x13\x56\x76\x3c\x88\x7b\x4c\xf9\x8d\x3b\xa6"
	"\xb5\xdb\xb4\x80\xf8\x50\x10\x5c\x40\x0d\x40\xbb\xc3\x36\xd9\xc0"
	"\xd4\x21\x33\xc2\xb7\x50\xc3\x18\xfa\x13\x9f\xc1\xf4\xb2\x84\x64"
	"\x2b\xbb\x13\x7c\xd4\x41\x28\x62\x51\xba\x44\xd5\xca\xf7\x6d\x10"
	"\x18\xe5\xa0\x89\xd0\xac\xcd\xfb\x32\x23\xe2\xaf\xa1\xf8\xb0\x4f"
	"\xe0\x07\x5b\x8b\x44\x94\x86\x1b\x0d\x4c\x87\xc6\xa1\x7f\xf3\xbb"
	"\x16\xdd\x38\x48\x6d\x9a\xea\x52\x9b\xb7\x69\x52\x76\x23\x34\x20"
	"\xe1\xac\xe6\x85\x89\x30\x94\xd1\xc6\xd4\x00\x51\xb8\x89\x53\xde"
	"\x70\x56\xc4\x8e\xef\x69\x58\xe7\x32\xd0\x40\xb2\xed\xe9\xe2\x6f"
	"\xff\xf3\x6d\xf4\xa8\xc7\xd6\x9b\xc9\xbf\x28\x6b\xce\x05\xf2\x48"
	"\xe5\x72\x4f\x3a\xf8\x01\x64\xf6\xd7\x5f\x1e\x08\xb1\xd6\x37\xc4"
	"\x88\xf5\x56\xa8\x35\x00\xed\x93\x1a\x6e\x38\xd0\x7d\x47\xa2\xf2"
	"\x64\xd7\x60\x5b\x06\xbc\xba\xf9\x4d\x44\x54\x80\x89\x8c\x53\x9a"
	"\x8a\x2c\x6d\x3a\x5b\x54\x76\x5a\x2a\x33\xb6\xc8\x19\x06\xc5\x10"
	"\x25\x11\x39\x11\xa4\x9b\x04\xdd\x74\xbb\xc6\x3e\x90\xd8\x90\x8e"
	"\x58\x45\x68\x1c\x63\xe8\x1c\x90\xd6\x44\xac\xbb\xfe\x36\xbc\xeb"
	"\xe0\xb7\x8c\xba\x3d\x24\xdb\xe8\x48\x7c\xc5\x01\xa9\xac\x4c\xce"
	"\x1c\x10\xc1\xe8\x2a\x12\x76\xa2\xc8\x47\x70\x69\x26\xf9\x64\x0f"
	"\x36\x56\xdd\x74\x0f\x4b\xdb\x3a\xb1\xcd\xea\x9f\x0a\xd6\xf1\x6b"
	"\xc4\x5f\x46\x04\xaa\x41\x56\x1c\x26\x9b\xc6\x3e\x9a\x2e\x02\x12"
	"\x01\xe7\xc3\xa0\x41\x98\xaa\x79\x75\x1a\x72\xab\x60\x6e\xc9\xbd"
	"\x38\xe5\x65\x96\xf4\x88\x5a\x07\xb0\xa8\x58\xbb\xb9\x7b\xd3\x75"
	"\xe4\x28\x9e\xf1\xc9\x9d\xc4\x6b\xc1\x2c\x32\xad\x90\x2c\x83\x55"
	"\xe7\x10\x84\x83\x56\x2d\x51\x35\xe7\xd1\x21\xa2\x0e\xac\x75\x6b"
	"\xd6\x31\x11\x86\xab\xa1\xd0\xed\xb7\xcd\xe0\x7b\xa8\xef\x4d\x0f"
	"\x32\xae\x09\x45\x42\xcb\x9a\x8b\x91\xc1\xf1\x9a\x7c\x7e\xfb\x6c"
	"\x9b\x46\x54\x9c\xc2\x5c\x8c\x74\x0b\x6a\x92\x1c\xc6\x21\xf1\x55"
	"\xd1\x2c\x9c\x55\x75\x94\x67\x76\x5d\x0a\x16\x21\x79\xc2\x11\x61"
	"\x3f\x42\xe7\x6a\x35\x09\xd5\x74\x6c\xd7\x14\x61\x6a\x4c\x32\xb5"
	"\x87\xc5\x14\xc7\x47\x7f\xca\xbf\x96\x21\x8f\xd4\x0a\xf4\x46\x46"
	"\x6c\x69\x85\x4a\xc2\x15\x45\xd2\xd7\x08\x43\x3b\x47\xda\xb9\x0e"
	"\x4a\x00\xcd\x66\x6e\xcc\x7a\x17\x2c\x16\x6e\x88\x2e\xe8\x6a\x6c"
	"\xbf\xd0\xd8\x49\x3e\x9f\xcc\xec\x97\x20\x91\x0a\xe6\xcb\x90\xb8"
	"\x20\xaa\x23\xc6\x17\xb3\x20\x24\x62\xfb\xac\xdb\xad\x79\xbd\x51"
	"\x6c\x35\x5d\x8e\x89\xbb\x91\xb2\x84\xfa\xad\x63\x9e\x4f\x5c\xd3"
	"\xb1\x82\xee\x6f\x9f\xa7\xc3\xfe\x54\xa4\xfb\x52\x1c\xc3\x0a\x2c"
	"\x6d\x9c\xa2\x8d\x04\x46\x45\x68\xe7\x6e\xbc\xca\x67\x2e\x39\x86"
	"\x8d\xe6\x27\x17\x02\xf6\x0a\xf3\xe5\xc2\x99\xc9\x6a\xc2\xab\xb9"
	"\x1b\x50\x55\x53\x27\x42\x44\x65\xbd\x5c\xed\xf2\x58\x55\x83\x4a"
	"\x28\x9f\xfe\x7a\x78\x1b\x89\xef\x6f\xef\xaf\x3f\xbf\xe9\x08\x47"
	"\x6f\x5f\x1e\x5e\x9f\x1e\x47\xef\xaf\x0f\xdf\xdf\xb0\x62\x46\x5f"
	"\x9f\xbf\x3f\x8d\x1e\x61\x24\x3e\xff\xc0\x3f\xbb\x15\x05\x0d\x4c"
	"\x58\x26\x75\x47\x28\xaa\x22\x7e\x10\xe8\x30\x43\x7a\x22\xbc\xc0"
	"\x7f\x18\x6d\xf2\x2d\x1b\xfd\xf1\xfc\xfa\xed\x4f\xa4\x5a\x7d\x7c"
	"\xf9\xf3\xfb\xd7\x97\x87\xb3\xcd\xb9\xa1\x5e\xe0\x9d\x2c\x43\x75"
	"\x39\x1f\xb2\xb5\x8a\xef\xef\x4f\x5f\x47\x52\x70\xad\x9c\x34\x8a"
	"\xfc\x99\x3e\x44\x71\xd8\x1b\x0d\x93\x0f\x30\xc1\x0f\x53\xaf\x19"
	"\xed\x5e\xde\xde\x49\x21\x7f\x78\x7d\xb4\xbd\x86\xc4\xbf\xfc\x78"
	"\x7d\x81\x89\xee\xed\xe5\x75\xa4\xde\x1f\xde\x9f\x3a\x34\x27\xa3"
	"\x5f\x78\xa6\xe4\xaf\x9d\x7d\xca\xa5\x7c\x97\xec\xae\xcd\xce\x77"
	"\xc4\xf9\x48\x95\x68\xea\x24\x52\xc8\x36\xfb\xb3\x42\x9c\xe5\x8a"
	"\x84\xf5\xf6\x8a\xed\xa7\x29\xd1\x4e\xd5\x9d\x21\x75\xe1\x69\x54"
	"\x02\x9d\xfc\x8c\xad\x2e\x13\x91\xe6\x1d\xb1\x6e\x78\xe0\x81\x0e"
	"\x41\x10\x3e\xde\xc4\x1a\xef\x70\x69\x42\x5a\x7b\x94\x68\xef\x5c"
	"\xfa\x9d\xf7\xb6\xab\x1b\x13\xa3\x03\x3b\x6e\x94\xfd\x8b\xda\x4f"
	"\x19\xbd\xff\xfd\xe3\x69\xf4\x0b\x8c\x82\xff\xfc\x73\xf4\xfe\xf0"
	"\xe3\xe9\x9f\x23\x1e\xfd\x0b\x06\xd7\xaf\x1d\x82\xa7\x76\x11\x54"
	"\x66\x88\xcb\x5d\xd1\xa4\xda\x4b\x70\x16\x67\x8a\x00\x5c\x72\x2d"
	"\x9c\xcf\x13\xf1\x08\x2e\x62\xe2\xa0\x56\x57\x00\x52\x80\x94\xc8"
	"\xdc\x47\x43\x40\xb5\xdf\x52\xd4\x71\x1a\xa0\x38\x1e\x17\xf7\x19"
	"\x9a\xae\xf5\x58\x9e\xa7\x13\x73\x1d\xd7\x8f\xe6\x62\xd8\x0f\x4c"
	"\xc8\x86\xfb\x10\x42\xff\xeb\x01\x29\xa6\x6e\x81\x40\xf7\xa6\x78"
	"\xbd\x1b\x4c\x91\xfb\xb2\x81\xbd\xae\x0e\x92\xed\x47\xd4\x39\x97"
	"\x5c\x30\x1a\x18\x39\x5a\x2e\x53\x91\x8e\x69\x29\x58\x6f\x17\x62"
	"\xc4\x9b\x42\xed\x2e\x87\x55\x14\x09\x68\x0c\x7a\xa1\xd2\xe6\x2a"
	"\x2c\x23\x9b\x3e\x2d\x09\x45\x56\x9f\xd7\x38\x74\xd8\x48\xea\x73"
	"\x89\x52\xa4\x43\x55\x36\x92\xe6\x86\xd3\x37\x5a\x23\x49\x06\x3d"
	"\xd5\xaf\xd9\x98\xa6\x04\x67\x78\x1b\x1c\x42\xb2\x94\x6d\x61\x62"
	"\xc3\x1f\x76\x07\x53\x78\x40\x2b\xf6\xdd\x1d\x72\xad\x52\x96\xb7"
	"\xe1\xae\xbb\x39\xeb\xd0\x4d\x30\x73\x1c\x04\x86\x37\xa1\x86\x06"
	"\xe6\xd8\xaf\xa0\xae\x30\x2e\x18\x25\xc2\x2b\x3b\x62\x67\x09\x52"
	"\x9c\x3c\x29\xd9\xa7\xb8\xc8\xc8\x5c\x6d\x04\x26\x66\x8d\xf5\x76"
	"\x74\x57\x51\x73\x96\xd5\xab\x07\xd8\x78\xf6\xee\xa9\xae\x32\x0c"
	"\xbe\xd7\x35\xf1\xbb\x24\xd5\x9b\x98\xf7\xf2\x71\x5c\x26\x81\x14"
	"\x0d\xe6\xf4\x76\x4f\x51\x08\x77\x34\x95\x8b\x0f\x56\x41\x5c\xef"
	"\xb6\xa7\x36\x5d\x42\xc9\x1e\x53\x49\x9f\x8c\x6f\x9d\xa5\x11\xd1"
	"\x8d\x70\x5b\xd1\x85\xc6\xf7\x7b\x96\xc0\xb6\x8c\x30\x67\x73\x98"
	"\xa9\x94\x31\xa1\xd2\x4a\xc6\xc9\xeb\xcc\x43\x45\x49\xf0\xc4\x86"
	"\x38\x11\xdb\x12\xb6\x5f\xf0\x22\x15\x93\x5e\xe1\xb8\x72\x64\xf4"
	"\x21\x30\x5e\x4a\x91\xdf\xa6\xe3\xfc\x61\x94\xb3\x02\xfe\xb0\xde"
	"\xa3\x94\x7b\xc3\xb9\x19\x7e\xd6\x07\xdd\x14\x05\xac\x96\x75\x62"
	"\x6b\xca\x43\xac\x9d\x17\xfa\xfb\x56\xca\x84\x2a\x4d\x7a\x07\x04"
	"\xcd\xe2\x84\x07\xe5\x57\xfd\xf7\xd1\xd4\xb9\xa2\x67\xd0\x95\x9f"
	"\x7f\xff\xf9\x0e\x4a\xb2\xfa\xf3\xf9\xfd\xf3\x97\x11\xbb\xb2\x67"
	"\x3e\xd9\xd8\xaf\xa0\x50\x78\xda\x5a\x5a\x67\x5b\x28\x5e\xd3\xfb"
	"\x3a\x9d\x0f\x13\xd7\x7b\x33\xa4\x92\x4e\xe3\x18\xe9\x48\x50\x7e"
	"\xfa\x0d\x46\x94\x6b\x46\xcc\x47\xe7\x8c\x61\x1e\xa8\xe8\x3b\x04"
	"\x03\x85\x47\x86\x45\xec\xc8\x0e\xc3\x80\xc0\x80\x76\x96\x29\xe3"
	"\x65\x6c\xe7\x66\xdc\x9d\x60\xb5\x35\x48\x58\x77\xc6\xd8\x49\xe2"
	"\x08\x99\x9b\xb6\x38\x73\x83\x68\x78\x42\x20\xc4\x08\xd3\x5b\xcd"
	"\xd3\x52\xf9\x4c\x46\xfd\x27\xaf\x32\x18\x99\x29\xac\x9e\x34\xa0"
	"\x5c\x8e\x27\x15\x29\x86\xf6\x58\x54\x95\x53\xbe\x5c\xb8\xe4\xda"
	"\x7d\x1b\x0f\x67\x08\x00\x17\x9c\x45\x74\xf1\x38\x86\xc3\x4c\x69"
	"\x79\xc4\xa0\x63\x39\xb2\x8f\xf2\xe5\x64\x39\x5d\xba\xe5\xf3\x45"
	"\x5f\x7e\xb9\x4e\xa8\x62\x5d\xb7\x86\x0d\x2a\xcf\x13\xe8\x3a\x54"
	"\x8e\x38\x4f\x27\x75\x75\x64\x27\x12\x92\x40\x7f\x8a\xcb\x60\x1c"
	"\x04\x9c\xc6\x54\x25\x29\x93\xac\x00\xbd\x2a\xf1\xca\x83\xf1\x96"
	"\xc6\x08\x5e\xc4\x89\x53\x9c\x61\xf8\x18\x37\x42\xc5\x52\x90\x88"
	"\x86\x03\x93\xd1\x2f\xb9\x77\x3e\xde\x46\xb8\xa1\xe5\x6d\x80\x1b"
	"\x12\xa0\xa4\xa2\xeb\x57\x95\x71\x30\xae\x08\x8a\x1f\xd0\x5a\x60"
	"\x32\x13\x9c\x6e\xe5\x03\x2e\xd5\x2a\x26\xe5\x15\x06\xdd\x85\x19"
	"\x08\x46\x6f\x58\xe0\xbf\xae\x46\xb8\x53\xcb\xd5\x6a\x66\x8d\x7a"
	"\x90\x1b\x14\xa5\x79\x5e\xaf\x55\x64\xfa\xc9\x61\x22\xe8\x94\x89"
	"\xe1\x77\x84\x89\x7d\xfb\x6d\x4c\x93\x79\xde\x43\x69\x7d\xc9\xbc"
	"\x46\x84\xe4\xcc\x40\x95\xe6\xeb\x32\xd3\xc7\x0e\x73\xd1\xfb\x22"
	"\x83\x19\x30\x6f\xd8\x6c\xeb\x92\x50\x58\x54\x62\xf5\xc1\x50\xc9"
	"\xae\x73\x7d\x80\xe7\x67\x8d\xd1\xc4\x80\xc5\x14\x45\x9c\x95\x9c"
	"\x3c\x77\xbb\x63\x47\xea\xac\x17\xc5\x39\x72\x5a\x11\x57\x23\x28"
	"\x2f\xca\x64\x19\xcc\x6c\x01\x1a\xae\xd2\xb0\x5f\x20\x50\x4b\x16"
	"\xcb\xaa\x22\x1e\x82\xff\x8c\xcb\x88\xf3\xd7\xb1\x6a\xb9\x0c\x16"
	"\x15\x25\x58\xd5\xc1\x62\xc9\xfa\xaf\xd2\x6a\x42\xc4\xf5\xc2\x4b"
	"\x7e\x44\x0b\xaa\x63\xc2\xc2\xb6\x8b\x49\xb9\x1b\xb3\xdb\x43\x85"
	"\x8a\x9b\xa0\x88\x91\x6b\xe1\x06\x45\x72\x35\x27\x4e\x9e\xcf\x10"
	"\x55\xac\x16\x44\xfc\x8c\x0e\x64\xe9\x83\xc0\x34\xb0\x98\x55\x95"
	"\x17\xb4\xf2\x81\xb6\xc9\x3c\x1c\x33\x27\x24\xc5\x79\x7d\xe9\x2e"
	"\x10\x2e\x1f\x6b\x27\x42\x72\xb5\x58\x4e\xdc\xb9\x14\xc8\xef\x54"
	"\xef\x32\x2a\x00\x77\xa7\x2d\xd4\x7e\x4d\xb9\xf5\x9d\x61\x9f\xd8"
	"\xbe\x70\x8c\x06\x9d\x53\xb5\x0c\x27\xc1\xb8\x76\x8d\x2a\xcd\x76"
	"\xc9\x12\x29\xdc\xb5\x74\x0f\xd3\xfe\xf1\x48\xe8\xf0\x08\xda\xa9"
	"\xcc\x99\x01\x2c\xb2\xb3\xa0\xa2\x7b\x8f\xc8\x77\xae\x62\x2a\x81"
	"\x61\x7b\x48\xa5\xf9\xf2\xc5\xbb\x55\x68\x8d\xd1\x72\x4c\x98\xa1"
	"\xb8\x9f\x8d\x9f\xea\x23\xe1\x48\x82\x0f\x20\x7b\x5d\x94\x21\x91"
	"\x93\xa4\x02\xb7\x19\x30\xa2\xfc\x26\x46\x12\x27\x30\x5d\xd4\x59"
	"\x07\xf3\x02\xb9\x50\x3c\xf3\xa2\xb4\x82\x73\x13\xaa\x50\xc2\x0f"
	"\x6c\x95\x15\x3f\xce\x15\x6e\xaf\x0b\x2c\x18\x79\x62\x6a\xc0\x1c"
	"\x01\xf4\x0c\x1c\x11\x03\xb0\x8b\x21\xc6\x60\x17\x52\xfa\x73\xf9"
	"\x74\x8a\x98\xbf\xfb\x68\x85\x3e\x4e\x53\x76\xc3\xec\x70\xec\xed"
	"\x93\x9b\x5b\xa1\xef\xc8\x3e\x31\x3a\x3e\xa3\x1d\xd7\x2f\x43\xc2"
	"\xdf\x5f\x47\xef\x2f\x80\x7e\xd2\x21\xd7\x1a\x94\x65\xd3\x41\x8d"
	"\x5e\xa1\xa2\xd4\x72\x31\xf1\xe3\xe7\x3b\x79\x76\xae\x6d\xc1\x4c"
	"\xde\x3c\x48\xd0\x96\x63\x56\xa2\x3f\x14\x6e\x36\x78\x5d\x9f\xf4"
	"\xbc\x1d\x1a\x19\xee\xbb\x29\x23\xd7\x06\xd1\x84\xd5\xb9\x93\x44"
	"\x3c\x96\x06\x24\x19\x6c\xcb\xaa\x3e\xe8\x12\x0b\xe1\xeb\xc3\xf7"
	"\xc7\xd1\xf3\xf7\xf7\xa7\xd7\x3f\x1e\x3e\x77\x49\x3c\xda\xa7\x33"
	"\x0c\xd7\xab\xad\x00\xac\xe9\x68\x5e\xd6\xa5\xa9\xed\x49\x15\x28"
	"\x86\x71\x5a\x57\xbf\x61\xa0\x37\x37\xe6\xf4\xdb\x62\xbe\xec\x17"
	"\xfe\x63\x76\xb2\x13\xa4\x35\xe2\xf8\xd0\x33\x50\x38\x27\xf7\x0e"
	"\x1f\x3b\xad\x47\xd9\x91\x35\x4f\xde\xc5\xa7\x75\xc6\xcc\x68\x8e"
	"\xe7\x34\x98\xf1\x38\x11\x92\xe5\x02\xc8\x67\xb3\xe5\xf2\x16\xd0"
	"\xca\x03\x2a\xef\x88\x1b\xfa\x0b\xe4\x1e\x56\x68\xe2\xaa\xb8\x83"
	"\x09\x83\xb9\x07\x13\xb5\x36\xde\xc5\x7c\x39\x73\x23\x93\xbb\x3b"
	"\xab\x19\xc4\x05\x80\x07\x15\xd6\x9a\x43\x81\xee\xcf\xb1\xe7\xa3"
	"\x4a\xce\xe6\xd3\x60\xee\x05\x2d\xa7\x81\xa7\x9a\x9b\x6e\xef\xf9"
	"\x20\xb9\x9c\x84\x13\x3f\x66\x32\xf1\xbd\xab\x5a\x4c\x66\x9e\x26"
	"\x05\x65\xc8\x03\xc8\x8b\x20\x0c\xdc\x98\x34\x3e\x96\x44\x2c\xd6"
	"\x0b\x06\x6d\xfe\xf1\x10\xd4\xf3\x3a\xc5\xa4\xda\x93\x41\x86\xce"
	"\xa0\x32\x3b\xb2\x23\x61\x3a\x74\x45\xed\x53\x6f\x77\xcd\x60\x02"
	"\x9a\x7a\xda\x55\x86\x75\x99\xed\xf9\x8e\x72\xa8\xb8\x20\x2b\xff"
	"\xf0\xe0\x2c\x0f\x82\xca\xd3\x01\xd6\xc4\x0e\xa0\x33\x43\x91\x73"
	"\x0f\x4c\x4d\xaa\x0d\x67\x77\x79\xee\x9c\x56\xb3\x94\x25\x99\xbd"
	"\x6e\xaf\x98\x49\xe4\x01\x44\xc2\x0d\xe0\xd9\x9a\xb8\x97\xb8\x40"
	"\xb6\x9b\xf0\xce\x83\x28\x88\xe0\xba\x06\xa2\x96\x3e\xd0\x5e\xc0"
	"\xf0\x96\x84\x05\xcf\x05\xa6\xf5\x29\xc6\x3d\x28\x25\xa2\xf8\x28"
	"\xc8\xf0\xb9\x17\x5c\x29\x89\x29\xf9\xfa\x3e\x3a\x3a\xd0\x05\x73"
	"\xc4\xa0\x51\x99\xe7\x55\x92\x6d\x41\xbd\x23\xb4\x85\x6b\xc1\x31"
	"\xd8\x43\x46\x18\x33\x9a\xa8\x35\x23\xb4\xc5\x2b\x0c\x83\x80\x79"
	"\xab\xe0\x28\x22\xf8\xe1\x06\x7d\xda\xc5\x29\x6c\x7c\x3d\xdd\x4d"
	"\xcd\xc6\x84\xb5\xfd\x05\x83\xeb\xf1\xde\x4a\x43\x79\x81\x54\x39"
	"\x8b\xac\x63\x02\x05\xa0\xf0\xb8\x5f\xa0\x41\x7d\x95\x69\x08\xcb"
	"\x95\x06\xf6\xec\x55\x8c\xf1\xa9\xb9\x16\x3a\xc7\x14\xcd\x6f\xad"
	"\x59\x42\xed\xf3\x2e\x0b\x74\x57\x24\x72\xd0\xa6\xad\xa2\x6d\xc9"
	"\x33\xab\x60\xc7\x52\x50\x23\xb7\x56\xd9\xdd\x1a\x7e\x18\x97\x23"
	"\x57\x99\xeb\xec\xa6\x85\xa9\xb8\x10\x2c\x81\x1e\x0a\xfb\x9e\x29"
	"\xfd\xa9\x38\x69\x36\x6a\x54\xa7\x10\xd7\x44\xbc\xff\x44\x06\x7c"
	"\x61\x72\x4f\x74\x11\x2c\x82\xad\x3a\x61\x9d\x64\xe2\x16\xcb\xc5"
	"\xe2\x36\xd8\xca\x0f\x2b\x40\x2f\x0c\xfa\x16\x45\x76\x28\xee\x11"
	"\x6b\x49\xf8\x8a\x18\xc8\x3d\xe8\x1a\xa2\xe2\xa2\xf0\x42\xd7\xfb"
	"\x30\x18\x07\x13\x2f\x0e\xcf\x67\xb3\x34\xae\x05\x4f\x97\x13\x42"
	"\xf3\x30\xf0\xa7\x25\x2f\xe5\x36\x20\x22\x8a\x9b\xd0\xb2\x54\xf9"
	"\xe0\xc6\xd3\x81\x9d\xde\x06\x8e\x4e\x29\xcb\x89\x0b\xe6\x2e\x6e"
	"\xc7\x64\xae\x76\xe2\x86\x1c\xe3\x98\xd8\xfd\x19\xa0\x2d\x4b\x58"
	"\x75\x23\xac\xed\xdf\x5e\xf4\x66\xff\x51\x94\x6a\xef\xc5\x6d\xb3"
	"\x2c\x12\xfe\x97\x8b\x44\x40\xbb\xfb\x71\xdb\x7d\xfa\xe9\x86\x6a"
	"\xb9\x2b\x37\x61\x10\xfa\x07\x45\x4c\x2d\x1f\x26\xc8\xdf\x64\x7a"
	"\x3a\xa8\x8f\xcb\x31\x71\xf0\x38\xc4\xde\x32\xc2\x40\x8b\x0d\x82"
	"\xe5\x0d\x59\x82\x26\x3b\x1b\x8f\xfd\x5d\x5b\x4a\x15\x04\x53\x3f"
	"\x2c\x4e\x36\x4c\x21\x49\xfe\x0d\x58\xfd\xc3\xdf\xc0\xb2\x9a\xef"
	"\x93\xba\x54\xfe\xaf\x16\x69\x5c\x09\x7f\x95\xcb\xbb\x05\x61\x1c"
	"\x6b\xcc\xb3\x71\x2a\xd1\xe4\xdb\xdf\xca\x11\x12\x0a\xcf\xaa\xb1"
	"\x7f\xc6\xd5\x7f\x17\x62\xbb\x2b\x6f\x83\x82\xde\xe4\x2f\xe7\x6d"
	"\xd3\xe3\x31\x2a\xf5\xad\xe8\x2d\xbd\x47\x5f\x64\x64\x32\xcf\x94"
	"\x28\xe3\xdb\x4a\x2a\x60\x77\xea\x9f\x7b\xa1\x11\xf5\x34\x91\xdd"
	"\x82\x0c\xc7\xe3\xe9\x8d\xb8\xd9\x8d\x38\xff\xb8\xc6\x58\x0d\xca"
	"\x8b\x52\x22\x89\x59\x74\x03\x4c\xdd\x54\xdf\xaa\x0c\xc2\x49\x78"
	"\x03\x4c\x6e\x6e\x29\xdc\xbe\xd8\x80\x56\x44\x5b\x00\x1b\xe0\x6a"
	"\x39\x9f\xdd\x50\xcd\xb9\x9a\xcf\xc6\x0b\xff\x34\xfb\x29\x2e\xe7"
	"\x61\xe8\xef\x09\x9f\x68\x5d\xde\x68\x8e\x6c\x27\x9b\x95\xdd\xcc"
	"\xd3\xdc\xdb\x09\xc5\x87\x07\x47\xa0\xb6\x04\xd3\xca\xb1\x25\x6c"
	"\xb4\x10\xd8\x5b\xd2\xf3\x50\x03\x5c\x4b\x16\x10\xb6\xfe\xed\x19"
	"\xd5\xa4\x1a\x43\x29\x4b\x6a\x3b\xdf\x16\x53\xb2\xe5\xd4\x99\xcf"
	"\x36\x0f\x99\x53\x8c\x26\x22\x71\x9c\x53\x46\x4d\x57\x54\x29\x92"
	"\xd2\x75\x48\xd3\x81\x46\x31\x52\xc4\x14\xce\x8a\x12\xda\xaf\xaf"
	"\x8c\x43\x07\x0a\x36\xe2\xb0\x17\x4a\x5b\xa4\x0b\x58\x95\x1f\x57"
	"\x0e\xb9\x8e\xc8\x27\x99\x33\x8f\x53\x4c\x9f\xa8\x37\x08\x2e\x83"
	"\xb1\xeb\x2d\x45\xbc\xc5\xe0\xc1\x59\x01\x4a\x53\x5e\x0a\x4e\xf6"
	"\xae\x3d\x71\x16\x9c\xf3\xcd\x72\xb6\x98\xba\x3e\xe4\x28\xfd\xcd"
	"\x85\xa0\x83\xa0\xf6\xfe\x9d\x76\x2a\xb2\x92\x15\x27\x74\x81\xf1"
	"\x35\x57\x54\x25\x13\x67\xcf\x17\x52\x41\xf1\xf7\xce\xda\x63\x13"
	"\x4a\x2d\x68\xcf\xab\x33\xde\x76\x79\xd0\xfc\x0b\x76\x72\x40\xa3"
	"\xe2\x10\xce\xc7\x55\x5b\xd1\xca\x87\x9c\xcf\x6e\x46\x2e\x9c\xc8"
	"\x42\x8a\xa1\x7e\xad\x8f\x8f\x77\x0f\xaf\x8f\xda\xad\x41\x7c\xc8"
	"\x46\x43\x03\x69\x72\x85\xda\x32\x19\x5b\xdd\x5a\xf8\x97\x87\xd7"
	"\x87\xcf\x48\x7c\x78\x75\x9c\x3a\x4f\x67\x26\x5d\xdc\xa1\x24\xc2"
	"\x12\xae\x96\x75\x5e\x9e\x94\x69\x87\x85\xbe\x2c\x3a\x99\x70\xe5"
	"\xd0\x3b\xca\xb4\x31\x25\x8f\x58\x41\x38\x82\xd5\x5b\x25\xa9\x40"
	"\xf3\x3c\x86\x65\xca\xea\xd3\x9d\xe8\x60\x3d\xe8\x34\x8b\xbe\xc6"
	"\xa6\xe3\xf0\xa1\x17\x7f\xba\xb1\x39\x7f\x7a\x7d\x7e\xf8\xda\xb9"
	"\x99\x31\x8b\xa9\x9d\x26\xb9\x19\x3b\xa5\x15\x2d\x43\x73\x5e\x6c"
	"\x58\x2f\x5e\xbe\xff\x4b\x0b\xde\x9a\x7c\xb5\x5d\xa0\xc5\x71\xa8"
	"\xcd\x03\x1d\xc7\xeb\x3c\x19\x07\x63\x57\x5d\x5d\x50\x81\x0b\x75"
	"\x2e\xaa\x76\x7a\x45\x8b\x20\xf2\x4e\xbb\x7d\x00\xf4\xed\x49\x30"
	"\x1e\xfb\x21\x95\x0b\xb2\x67\x45\x99\x08\x7b\x7c\xbf\x06\xd1\x1a"
	"\xc4\x0e\x13\xeb\xd6\x2a\xd4\x52\xb9\x8a\xf3\x94\xb0\x2a\xba\x20"
	"\x82\xb9\x50\x8b\xca\x59\xb8\xd6\xcd\xe7\x63\xc9\xb6\x58\xce\x1b"
	"\xa0\x3e\x98\xd8\x54\xf3\x6a\xee\xac\xb4\xd6\x66\x29\x57\xde\xcc"
	"\x58\xc1\x5d\xe2\x8d\x4a\xea\x24\xf7\x65\x02\xbf\xe2\x8a\x61\x58"
	"\x65\xb1\x15\x1c\xfa\x7d\x41\x37\x85\xca\x8b\x68\xd0\x14\x98\xe8"
	"\x68\x0a\xbc\x22\xa3\x9c\x9f\x61\x9e\x40\x6a\x9a\xb4\xb4\xaf\x6a"
	"\xbb\x03\x47\x22\x49\x97\xa3\xa8\xcb\x30\x58\xe4\x52\xe0\xe1\x56"
	"\x94\x10\x6b\xc7\xee\xd8\x86\x74\x1f\x8c\xc3\xd6\x57\xe2\xb3\x65"
	"\x8a\xeb\xf8\x15\x1d\x5d\x44\x02\x25\x87\xff\x72\x49\x99\xa5\x25"
	"\xa7\x5e\xa5\x18\x31\xe6\x61\x96\xda\xab\x52\x87\xe8\xbc\x70\x2b"
	"\x34\x97\x80\xa0\x5a\x0f\x6f\x6e\xbb\x5e\xf9\xf0\xa3\xd6\xb7\x03"
	"\xbd\x30\x72\x90\x7c\x09\xa0\xde\x4d\xdb\x01\xb4\x77\x09\x09\xc9"
	"\x72\x6f\x33\x9f\x42\x49\x4b\xbc\x80\x73\xa4\x99\x13\x86\x7f\x5d"
	"\x5f\x09\x2f\xb0\xa4\x97\x35\x07\x7d\xdb\xae\xc5\xbe\x7e\xc9\xdf"
	"\x6f\xef\x4f\xdf\x46\xbf\xa3\x0f\x7f\x33\x83\x8e\x7e\xf9\xf6\xf2"
	"\xf6\xfe\xf5\xef\xd1\xd3\xb7\xdf\x9f\x1e\x1f\x9f\x1e\x47\x1f\x5a"
	"\xd4\xbf\x60\x6a\xfc\xfc\xe5\xf9\xc7\xaf\xdd\x36\xd0\x5f\x00\xf5"
	"\x43\x85\x83\xd6\x72\xb4\x30\x26\x6d\x90\x11\x11\xc5\x4a\x6c\x53"
	"\x4d\x58\x71\x76\x5f\x21\xb1\xb1\x8c\x0f\x21\x29\x75\xbe\x26\xcd"
	"\x24\x8b\xc4\x1d\x29\xcf\xe8\x5b\x2f\x14\xe7\x9c\xf9\x8b\x97\x57"
	"\x00\xe2\x82\x94\x17\x77\x93\x8a\x14\x2a\x21\xcb\x98\x13\xed\xde"
	"\x8e\x7d\xe3\x81\x66\xaa\x1a\x9a\x36\xfc\x05\x43\xe6\x3b\x2c\x5f"
	"\x80\xf9\xa0\x24\x36\xfe\xc3\xe3\xc3\x0f\x3d\x8e\x86\x26\x0c\xba"
	"\x05\x44\x86\xb6\x15\x7b\x62\xe3\xa8\xbf\xac\x71\xf4\xaf\x13\xf2"
	"\x28\x41\x7f\x5f\xb6\xce\xca\xcd\xfe\xd3\xa7\x1a\x36\xf2\x1b\x12"
	"\x56\xb2\x4c\xd5\xb0\xa2\xd3\x00\x91\x22\xbb\xcb\xd0\xfd\x30\x7b"
	"\xff\x02\x9f\x71\xfd\xb0\x4e\xdf\xed\x7f\x94\x2a\xf7\x6b\xba\xae"
	"\x13\x2a\x1e\x79\xd3\x23\xd1\x9f\x88\x3c\x27\xbd\x42\x70\xd0\x79"
	"\x20\xf6\x79\xa6\x61\xed\xb8\x4e\xd6\xb9\x20\x7d\x9e\x50\xd6\x90"
	"\x96\x9d\xc7\x36\xee\xb2\xe5\xc3\x5b\x4b\x7a\xfd\xfe\xfa\xf2\xf5"
	"\x2b\xfc\x19\x0d\xab\x41\xbb\xdc\xe9\x95\xd1\xbe\x04\xa1\xb8\x6a"
	"\x3c\xf3\xe2\x74\x2b\xd2\x98\x78\x7d\xeb\x6b\xd0\x2f\xb1\x6b\xe8"
	"\x37\x5f\x74\x1e\xd8\x24\x84\x1c\xb1\x28\xc4\x15\x94\xf4\x29\x06"
	"\x79\xd6\x74\x14\x52\x0e\x4a\x57\x18\xd2\xd2\x8a\x85\x68\xb3\xcf"
	"\xe9\x17\x9c\x8d\xab\x49\x00\xa8\x31\x4b\xa1\xe6\x63\xfa\x2d\x15"
	"\xb2\x53\xd0\xd2\xc1\x08\x36\xc4\x9f\x4e\xe9\xbd\xcc\xeb\xed\x7d"
	"\xaf\x16\x2e\xbd\x20\x7f\x7d\x79\x7f\xf9\xfc\xf2\xb5\xed\x0e\x5d"
	"\x0d\x38\xd7\xed\xda\x5b\x5b\x30\x15\xe9\x2c\xd6\x3a\x3a\x1b\x15"
	"\x6e\x02\x51\x65\x12\xcf\xc3\x6a\x4c\x7f\x39\x39\x80\x74\xcb\x9f"
	"\x52\x26\x89\xf0\xbe\x0a\xf4\x02\x82\xda\xcf\x9e\x9e\xe7\x43\xa7"
	"\xdd\xbc\xcc\x47\x9f\xbf\xbe\x7c\xfe\x8f\x4d\x3d\xc7\x68\x94\xc1"
	"\x6c\xb9\xac\x39\x3a\x01\x52\xa6\x5f\x8d\x4f\xca\x08\x0d\x98\xc8"
	"\xe8\x94\x1d\x1b\xb0\x87\xc7\xc7\x67\xb4\x0c\x83\x79\x55\xbf\xf8"
	"\xed\x7f\xae\x95\x8d\xbd\xd8\xf0\x6f\xc9\x36\x03\x6b\x96\x66\x36"
	"\xe8\xf7\xf7\x4e\x06\xc8\x40\xb4\xb9\x44\x5e\x93\x4f\xdf\x5e\x5e"
	"\xff\x1e\x7d\x7b\xf8\xf1\x03\x56\x61\xfd\x98\x65\x9e\xd3\xcf\x2d"
	"\xa6\x55\xe3\xbf\x63\xdf\x40\x22\xc4\x31\x09\x34\x27\x32\x47\x8a"
	"\x98\x5a\x8b\x37\x25\xfe\x8f\xda\xe7\x68\xc8\x99\x25\xc8\xb9\x44"
	"\x36\xc8\x82\x1c\xf4\x5a\x2e\xa1\xcd\x88\x10\x40\x8d\x21\x50\x32"
	"\x9e\x07\xb4\x18\x6a\x91\x13\x87\x62\x5a\x5e\x61\x49\x1d\x62\xfb"
	"\x9a\x8a\xea\x92\x2e\xf6\xd3\x5f\x3f\xa0\xc7\xd8\x9a\xc1\x65\xbe"
	"\xd5\x02\x52\xc7\x67\x69\x2b\xa0\xf1\xd8\x03\x08\x2b\x47\xc5\x70"
	"\xb6\x9a\x4d\x9c\x00\x3c\x3f\x72\x00\xca\x5c\xf0\x70\x19\x0c\x37"
	"\xc6\x72\x13\x0d\x3f\xff\x32\x0b\x79\x2a\x06\xfa\x67\x30\x9f\xfa"
	"\xbe\xdc\xd1\xa4\x92\x4f\x26\xcb\xa5\xa3\x6a\x72\xa1\x32\xc2\x71"
	"\xbe\x69\xd4\x82\x05\x53\x93\x7c\xa5\xb1\x60\x04\x0d\x83\x2e\xfc"
	"\xd1\x5e\x24\x7d\x58\x58\xb3\x83\x6d\x59\x6f\x64\xc8\xa5\x64\x1c"
	"\xdf\x75\x92\xcf\xc4\x55\x8e\xac\x1b\x1c\x39\x48\xfa\x20\xfc\xb3"
	"\xa4\x76\x99\x5d\x70\x52\xf2\x70\x45\xb0\xbb\x74\x71\xb7\xe6\x47"
	"\x8f\xa4\x2e\xca\x31\x1e\x87\xb0\x26\x29\x23\xcc\x3c\x5a\x4c\x11"
	"\xe3\xc6\x4c\x07\x93\x26\x9b\x00\x29\x23\x93\xd3\xb0\x0d\x9a\xf4"
	"\xa1\xae\x75\x85\xa1\x1b\x1e\xc9\x5d\x7d\xe1\x42\x8b\x38\x72\xe7"
	"\xc2\xa4\x7a\xa2\x89\xe7\xe8\x6c\xda\x47\xeb\x48\x85\x0b\xa2\x5f"
	"\x1b\x90\xc0\x0f\x09\x9d\x90\x24\xde\x66\xa0\x70\x4f\x9c\x20\xb5"
	"\x26\xa8\x40\x76\xe8\x56\x5d\x90\xf2\xf3\xf3\xeb\xfb\x10\xbd\x24"
	"\x9d\x18\xbc\x25\x5e\x8c\xa7\xe3\x5b\x40\xa1\xb3\x34\x00\x5a\xae"
	"\x08\x42\xa5\x33\x26\xc9\x97\x0b\xe2\x66\xfd\x0c\x21\x16\xe4\xeb"
	"\x5b\x34\x9b\x80\xc9\xf4\xd1\x66\x5e\xf2\xc9\x7c\x16\x38\x73\x8f"
	"\xe2\x52\x33\xc7\xe9\x4f\x9a\xce\x67\x73\x27\x1a\x2a\x70\x1a\xcc"
	"\x2a\x3f\x66\x35\xf6\x62\xc2\xd9\xc2\x8b\x59\x4c\x66\x8e\x4f\x07"
	"\xc4\x0c\x6a\xd8\xf6\xe9\xb0\xf7\x9a\x4c\x17\xce\x36\xdc\xb2\xfd"
	"\x36\x6e\xa6\x9c\xa9\xbb\xfb\x16\xe5\x6c\x3c\x71\xb7\x63\x51\xae"
	"\xa6\xb3\x19\x71\x88\x64\xe7\x7e\x43\x8f\x30\xc9\x3a\xc4\x97\x6d"
	"\x02\x9e\x20\x40\x9e\x29\x1e\x72\xb7\x73\x4d\x43\x86\x50\x4b\xf5"
	"\xdb\xb8\x0f\xd6\xcc\x7d\xbd\x34\x24\x28\x40\xf3\x2a\xf4\x57\x36"
	"\x99\x6f\xcf\x88\x33\x2f\xee\x36\x43\x3e\x98\x38\xaf\x8f\x82\x20"
	"\xe3\xb1\x3d\xb1\x61\xa2\x68\xf8\x1a\x6f\x7e\x44\x53\x72\x6a\xb3"
	"\x40\xba\x26\x8c\x07\xda\x35\x2c\x01\xfd\x18\x2f\xa4\x6c\x1f\xf1"
	"\x7f\x94\x5d\x49\x93\xdb\x38\xb2\xfe\x2b\x8a\x39\x75\x1f\x3a\x86"
	"\x8b\xb8\x68\x5e\xcc\x01\x04\x49\x09\x5d\xdc\x4c\x90\x5a\x7c\x61"
	"\x54\x97\x65\x77\xc5\x94\x5d\x8e\x72\x39\xde\xf8\xdf\x3f\x24\xb8"
	"\x88\x5b\x02\x7a\x07\x47\x59\xc8\x8f\x09\x20\xb1\x27\x12\x99\xff"
	"\x8f\xa2\xdc\x5f\x4f\x40\xc2\x49\xb2\x41\x9f\xae\x8f\x91\x77\x55"
	"\x4b\x53\x1d\x70\xb3\xd9\x41\x91\x50\x09\xe0\x34\x64\x05\x71\xbb"
	"\x78\x88\xcb\xe8\xc3\xa8\x3f\x2d\x8a\x1a\xa5\x70\xad\xc7\x90\x45"
	"\xee\x43\x5e\xb2\x0f\x6b\x19\xb4\x9e\xaf\xa8\xd8\x3f\xb1\xac\xb2"
	"\xb7\xc6\x19\x8e\x19\x6f\x5f\xd7\xae\x33\xc6\xcb\xce\xa2\x63\x9f"
	"\x20\xe4\x40\x38\x8e\x73\xdb\xa7\x2c\x9c\x59\x0c\x84\x2c\x3f\x91"
	"\xcb\x2c\xf0\xfa\x1c\xd3\xaa\x6e\xa5\x12\xb4\x89\x32\xe8\xf1\xe1"
	"\x2a\x2f\x79\x6c\x59\x54\xec\x04\x51\x5d\x3f\xbd\x7e\x59\xbe\x98"
	"\xb8\x2d\xe7\x79\x5c\x0d\x6c\xf0\xcd\x9b\x12\xd1\x69\xeb\x95\x98"
	"\x8f\x8c\x95\xe0\x20\x47\x09\x92\xd7\x2e\x85\x6f\x38\x77\xc0\x02"
	"\x4e\xd4\xa8\x4e\x31\xa2\x06\x85\x27\x35\x1d\x9c\xc6\xd9\x67\x4d"
	"\xdd\x52\xb0\x58\xb4\x4c\xb0\xb5\x59\xdb\xdd\xfe\xf1\xd7\xe3\x0f"
	"\x71\x7c\x1c\x1a\x03\x7c\x95\x4d\xda\x40\x60\x0a\xba\x96\xc3\xb4"
	"\x11\x8b\xb7\xeb\xfb\xf3\xd7\xeb\xeb\xcf\xf7\xcd\xfe\x55\xb4\xe3"
	"\xb7\xd7\xf9\x3b\xa8\xae\x33\x14\x65\xd4\x45\x70\x87\x81\xb9\xa6"
	"\x4e\x02\xcb\xd5\x9c\x73\x16\xdc\x22\xb9\xf1\xd7\x6f\xcf\x4f\x3f"
	"\x36\xfc\xf9\xe5\xf9\xe9\xf5\xdb\x26\x78\x7c\xfa\xcf\xf7\x97\xc7"
	"\xa9\x0b\x3a\xce\xd7\xe2\x1a\x04\x34\x25\x63\x76\x63\x8f\x0c\x64"
	"\x79\x8a\xf9\xf9\xf2\xfe\xfc\xf9\xe7\xb7\x27\x38\xc7\x2b\x5c\x49"
	"\x88\xd3\x0e\xae\xfc\x03\x22\xa1\x95\x2f\x56\x24\x82\x03\xb8\xed"
	"\x61\xae\xc7\x3b\x32\xa2\x99\x2a\x52\x39\xce\xc5\x51\x12\xf1\x07"
	"\x29\xbf\x27\x95\xe5\x7b\x86\xa6\x90\xd2\xd8\x24\x4e\xa2\x33\xf6"
	"\xea\xf1\x86\x3a\x24\x14\x31\x85\x07\x8c\x10\xa6\xb3\x33\x90\x9d"
	"\x9d\x04\x84\x3b\xc7\x33\xd3\xd3\x11\xcf\xe6\x5c\x58\x06\x6e\x0a"
	"\x26\x25\x5e\x82\x52\x98\xe2\x52\x09\x89\xd8\xef\xe1\x85\x00\xb2"
	"\x63\xa1\x0a\xc3\x11\x44\x55\x0a\x09\x71\x94\x64\xd7\x52\x93\x6d"
	"\x15\x19\x33\xeb\x91\xe4\x24\xc3\x59\xa7\xd4\xb4\xc1\x07\x89\xaa"
	"\x7e\x3d\x46\x55\xc1\x03\x73\xb7\x62\xc2\x28\x30\xf5\xdc\xa1\x02"
	"\x65\x3f\x67\xd4\x46\xc9\x82\x7d\x91\x84\x68\x0e\x0f\x51\xaa\x22"
	"\xfb\x7e\x91\x62\xaf\xd5\x6f\x74\x47\x4d\x77\x0d\xbc\x23\xc8\xbd"
	"\xb6\x83\x98\x99\x77\x00\xcf\x73\x15\xe3\xab\x05\xf8\xae\x06\xb0"
	"\xb3\xd5\x00\x7f\xab\x04\x88\xcd\xb5\xa7\xa6\x5b\x8e\x9a\xbe\xd3"
	"\x7c\xbf\xf3\x71\x7a\xe5\xda\xaa\xcf\xa3\x2c\xb6\xcc\x20\x5d\xef"
	"\x23\xd1\x47\xd0\x9b\x23\xef\x46\xe5\x58\x56\x52\x8f\xac\x88\x4a"
	"\x79\x49\x8a\x42\xc4\x32\x52\xa3\xc4\x82\xc6\x8e\x18\x66\xb8\x70"
	"\x15\x47\x8a\x96\xcc\xcf\x0d\xe6\x7d\x40\x02\xa8\x53\x39\xbe\x82"
	"\xc1\x83\x6f\xe0\xa2\x2d\x33\xa7\x72\x4d\x9c\xce\x23\xaa\x9e\xb9"
	"\x39\xdb\x7a\xee\x59\x83\x49\x1d\x03\x5f\x60\xf8\xc3\xc5\x17\x63"
	"\xc0\x52\x7c\x8e\x18\x37\x93\xe0\xec\x18\x9a\x95\x85\x57\x69\xb1"
	"\xb6\x25\x97\x34\xa9\xa3\x99\x78\xb4\x12\xa9\x15\x6b\x48\x6a\xdb"
	"\xce\x19\xac\x62\x89\x62\xa9\x49\x0a\x7b\xa7\x18\x35\x70\xa0\xf7"
	"\x71\xc9\x8a\x6c\x92\x54\xd1\x6f\x48\x92\x22\x6f\xcb\xc1\xda\xd4"
	"\x34\x90\xb3\x77\x6b\x8a\x8a\xbd\xc6\x50\xd9\xa9\xca\x42\x49\x80"
	"\x62\x32\x69\x01\x3b\x43\x0d\xb0\x4c\x4f\x59\x6f\x21\x19\xc5\xe2"
	"\xd8\x21\x1c\xd7\xd1\xe5\xe2\xab\x01\xbe\xab\xa9\xe9\xce\x34\x74"
	"\x00\xf5\x0a\x3c\x80\x54\x2b\x9d\x00\x89\x35\xc4\x46\x5e\x1b\x9c"
	"\x92\xad\x61\x2b\x3a\xb1\x00\xb8\xc6\x56\xd3\xcb\x4f\x89\x69\x79"
	"\xb6\x1a\x93\xa4\xb6\xa3\x98\x68\x2a\x6a\x3b\xfe\x4e\x21\x30\xec"
	"\xd2\x46\x6e\x99\x4a\xf6\x31\xcf\x88\x52\x56\x3d\x46\x25\xaa\x53"
	"\xea\x6f\x15\xcb\xad\x20\xdb\xa6\x7a\xcb\xd0\x41\x34\x99\xd8\x8e"
	"\xa1\xe3\xb2\xdb\xad\xbd\x42\x1b\xec\x62\x27\x6e\x83\x07\x63\x59"
	"\x5c\x57\x7b\xc3\xb4\x2e\xca\x8e\x79\x52\x91\x7d\xa4\xc1\x82\xe9"
	"\x52\xdd\x5a\x5e\xf1\x3a\x45\x34\xb4\x37\x38\x28\x21\xa4\x0e\xe2"
	"\xde\x0f\xe0\x70\xe0\x23\xe3\x6c\x84\x0a\x1d\x1b\x59\x9e\x47\xa0"
	"\x4c\xfc\x29\x34\x20\xb1\xa9\xb4\x90\x31\x37\x03\x99\x2a\xe1\x37"
	"\x31\xc9\x1c\xdb\x71\x9c\xf5\x56\x40\xaf\x23\x6e\x10\xc6\x93\x9d"
	"\x6d\x38\x7a\x94\x6b\x79\x26\xd1\xc0\x60\x21\xf0\xcc\x7b\x40\x96"
	"\x16\xe4\x7b\xc8\xb5\xd9\x14\xe4\xe8\x8a\x9e\xb4\xe3\xf9\x0e\x94"
	"\xeb\xb9\x1a\x14\x6c\x52\x1d\xff\x0e\x94\xef\x6e\x77\xf7\xa0\x5c"
	"\xe3\x0e\x14\x76\xfd\x33\x43\x79\xb6\x0e\x25\x76\x8f\xa6\xae\x75"
	"\x8a\xb8\xfe\x18\x61\x26\xaa\x23\xd8\xd1\xf7\x0d\xf7\x2e\x94\x7f"
	"\x17\x6a\xa7\x45\x9d\x52\x0d\x42\x2c\x2f\x8e\xe9\xda\x96\x1e\xe6"
	"\x5a\xb6\xb6\xec\xed\x02\x6f\xd9\x77\xc1\xbc\xf3\x3d\x30\xf3\xae"
	"\xb2\x39\xd6\x56\xc7\xed\x48\xab\x72\x4d\xef\x59\xd2\x99\xe5\xaf"
	"\x48\x98\x86\x24\xa2\xfd\x3b\x8e\xa9\x01\x39\x2b\x57\x4d\xd8\xca"
	"\x26\x8b\x86\x2f\x46\x96\x8b\x25\x6c\xb6\x91\x74\x77\x35\xfd\xcf"
	"\xe3\x3a\x1f\x9e\x67\x97\x75\x02\xc9\x2e\xf9\x3a\xe5\x40\xca\x62"
	"\x95\x92\x8a\xf9\xfe\x21\x08\x57\x69\xe7\x74\xfc\xcd\x4d\xa6\x74"
	"\x2d\x28\xd4\x48\x53\x17\xb2\x21\x94\xdd\x42\x35\xb5\x7f\x7b\xfc"
	"\xfe\x37\x28\xc1\x16\xd6\xa5\xe1\xd4\x99\xb7\xf8\xd9\x84\x45\x43"
	"\xea\x73\x6f\x3b\xba\xae\x5c\x2c\x7b\xaf\xd8\x88\xf5\xd1\x18\x20"
	"\x4e\x24\x49\x8c\xc4\x23\x02\xdc\x43\xca\x17\xf1\xc0\xfa\xf4\x38"
	"\x58\x25\xc5\x01\x18\x1e\x0f\x9a\xf1\x35\x22\x04\xa2\x91\x2a\xfb"
	"\x7f\x8b\x39\x62\x5a\x30\x30\xba\x6d\x84\xbc\xc2\x21\x50\xd9\xaa"
	"\x41\xc6\xf5\xdb\xd3\xeb\xa7\xeb\xdb\xe6\xf5\x6d\xf3\xf7\xf5\xe5"
	"\xbb\xf8\x1f\x58\xa8\x4e\x54\x79\xc0\xad\xb5\xb3\xf5\x0c\xe4\xb5"
	"\x64\x0f\xe1\x2c\xc1\xcc\x14\x7a\x48\x76\x2e\x9a\x4a\x2c\xa5\x3b"
	"\xff\x8c\xe2\x0e\x61\x42\x43\x94\x9a\x92\x84\x35\x21\xe3\xc5\xcc"
	"\xfd\x76\x7f\x19\xb0\xf9\x8d\xfc\xfc\xf4\xfc\xba\xa1\xaf\x45\x1f"
	"\x24\xe2\x77\x30\xf2\xfb\xfc\xfc\xe5\xe7\x5b\x1f\x7c\x7a\xc2\xf1"
	"\xb8\x8f\xf0\x16\xae\xc3\x04\xa5\x95\x94\x94\xa0\x84\x3e\x84\x88"
	"\x3d\x96\xe4\xde\xda\x79\xef\x8b\x1a\xe9\x1b\x05\x69\xc3\xcb\xf5"
	"\x3e\x93\xbf\xbf\x3c\xfe\xda\x14\x8f\xdf\xae\x2f\x8b\x76\x90\xd0"
	"\x26\x39\x22\xde\x19\x6e\x90\x36\x6c\x97\x0e\xd4\x3a\xa0\x69\x92"
	"\x70\x87\xdd\x27\x8f\x32\x15\xb8\xfd\xd6\x41\xd6\xb5\x25\x53\xee"
	"\x46\x3e\x21\x86\xb6\x9c\x55\x99\x67\x4c\xec\x8c\x2b\xcf\xf3\x77"
	"\x47\x44\x44\x41\xc9\xc2\x7d\x34\x1d\x02\x2d\x83\x81\x32\x91\x1e"
	"\xeb\xdd\x69\x6d\x82\xb7\xe7\x4f\x5f\xae\x0b\x41\xb6\xee\x61\x44"
	"\xbe\x24\x3b\xcf\x3d\x6d\x4e\x07\x78\x9d\x06\xa2\x83\x10\x08\xcf"
	"\x83\x82\xa0\x41\x94\x6f\xbc\x64\xbf\x85\x77\x41\x07\x56\x70\x51"
	"\xd7\xb0\x38\x83\x92\x71\x1f\x35\x81\xef\x18\x47\xbb\x89\x4f\xe8"
	"\x77\x30\x62\x8a\x2a\xb3\xb7\xae\x4a\x98\x25\x09\xa3\x46\x9c\xe8"
	"\x5c\x44\x29\x0e\x28\x31\x3c\xc5\x3f\xe6\x63\x7a\xbb\x16\xc3\x76"
	"\x86\x85\xcb\xa3\xca\xf9\x81\x05\xa4\x3d\x97\x79\xae\x87\x03\x59"
	"\x53\xc5\xc5\xd6\x34\x94\xd3\x01\x09\x8f\x9e\x83\x6c\x83\x64\x3b"
	"\x95\xb4\xd8\xd7\xf8\x4c\x01\x1e\xb5\x1f\x58\x89\xbc\xb8\x6e\xcb"
	"\x91\x5d\xc2\x12\x1f\xdf\x45\x62\x2a\xf2\x57\x04\x26\x92\x64\x88"
	"\x5f\xbb\xfe\x00\x23\x7e\x7b\xfc\x7a\xdd\xfc\xf5\xf3\xf3\x67\x30"
	"\x2c\x9e\xbf\x2f\x8b\x27\x2e\x49\x86\x68\x93\x30\x61\xaf\xb9\x8f"
	"\x0e\x1a\x9a\x82\x9b\xb0\xd1\x10\x10\x69\x59\x5e\xb1\x78\x62\xa1"
	"\x23\x12\x43\x44\x35\x24\x48\xf2\x1e\xf2\x18\xf1\xd5\x35\x74\x94"
	"\x95\xf8\x17\xb3\x24\x29\x23\x5a\x4d\xf2\x03\x02\xcd\x8b\x8b\x28"
	"\x29\x59\x10\x18\xf8\xe7\x09\x92\x69\xf4\xe4\x8e\x56\x82\x9b\x3a"
	"\x71\xbe\x94\xa1\xb8\x1b\x24\x74\xbc\xc0\x41\x00\xc9\xd5\x9c\x81"
	"\xb0\x9a\x33\x10\xb0\x9c\x65\xcc\x09\x31\x2a\x20\x9e\x81\xf8\x59"
	"\x67\x62\xf3\x55\x44\x70\xe2\x8f\x08\x26\xa2\x58\x6c\xd8\xd8\x3e"
	"\x13\x83\x59\x6c\x35\x32\x45\x29\xf3\x71\x24\x6b\x10\x7b\x14\x47"
	"\x10\x39\xbe\x99\x9a\xac\x02\x5c\xcc\x1e\x58\xc8\x58\x41\x4e\x09"
	"\x05\x33\x2c\x8e\x36\x1a\xa1\x0f\xf8\x8b\x01\x60\x20\xbe\xee\x36"
	"\x10\x28\x93\x8a\x25\x52\x42\xd5\x2c\x0e\xc3\xb2\xa7\xfe\xdd\x3f"
	"\x78\x59\xb9\xd4\x8b\x21\x4c\x64\x4a\xb1\xc5\x59\x90\xd5\x9e\xcf"
	"\x40\x18\x66\x28\xef\x57\x50\x7a\xca\x69\x1d\xa3\x64\x6c\x31\x86"
	"\xfe\x17\xa4\xcd\xfe\x5c\x6d\x1d\xe4\xb4\x24\x20\x9d\xda\x02\x15"
	"\x64\x04\x6b\x51\x9e\x46\x68\x53\x80\xff\x53\x7e\x88\x22\xb4\x2d"
	"\xc0\xf3\xcd\x83\x89\xc5\x86\x83\xfa\xe1\xeb\x32\x50\xb9\x90\xce"
	"\xf4\x46\x63\xb0\xf4\xe9\x7a\x41\x23\xa4\xbf\x16\xcd\x19\x92\x65"
	"\xfc\xf3\x6e\x07\xad\xe4\x31\x06\x4e\x63\xd9\xf7\x88\xce\x5c\x02"
	"\xb1\x3a\xea\x51\xd8\x29\x70\x84\x48\xfd\xdd\xd6\x6c\x4e\xd8\x93"
	"\xf6\x1b\x92\x84\x85\xef\xbb\xc6\x3d\x28\x4f\x87\x4a\x52\xdb\xb5"
	"\x11\x07\xcb\x33\xd4\x4e\x07\x2a\x7c\xc7\x39\x6b\x40\xa8\x66\x67"
	"\xc4\xe7\xe8\x58\x86\x97\x14\x1a\x58\x10\xba\xa6\xe1\xe9\x84\x50"
	"\xd2\x33\xcd\x90\x90\x26\x7b\xc2\x2b\xb2\x3a\xc1\xc2\x2e\x75\xd2"
	"\x65\xf2\xfd\x9a\xdd\x1e\xcf\xeb\x6c\x62\xa6\x22\x13\x20\xec\x16"
	"\x16\x15\x86\x67\xe3\x37\x95\x59\x28\x1f\x00\x94\xd3\xa4\x82\xa6"
	"\xd3\x84\xc3\x29\x8c\x8a\x69\x52\x49\x4e\x29\x0b\xd9\x34\xf1\xcf"
	"\x49\x6c\xe4\x3e\xa5\x7f\x50\x3e\x7b\x9b\xd1\x96\x13\xce\x4c\xeb"
	"\xc5\x84\x62\x0c\xa5\x9b\x7c\x76\x28\x65\x32\xf2\x59\xf7\x18\x03"
	"\x62\x9d\xe6\x25\x9f\x16\x07\x62\x9b\x8b\x73\x40\xc8\xff\x6d\x5b"
	"\xe3\xf4\x6e\x90\x36\x79\x22\x96\x9c\x62\x56\xab\x2e\x92\xda\x34"
	"\xf1\x08\x57\x7a\x10\x0b\x40\x10\x63\x3e\x2f\xe1\x8d\x8a\x3e\x37"
	"\x95\x45\x45\x75\xbd\xb2\x50\xd1\x87\x1a\xec\x6a\x4a\x14\x91\x17"
	"\x89\x2d\xf7\x35\x02\xaa\x02\x6d\xd7\x40\xe3\x72\x2c\x5d\xed\xcb"
	"\x64\x08\xf9\x83\xf2\x25\x68\xa0\x58\x29\xe9\xaa\x20\x47\x45\xd5"
	"\xda\xe7\xd8\xa6\x8b\xc6\xf8\x04\x1e\x45\x3d\x8b\x53\xda\xfa\x16"
	"\x08\xff\x90\xa7\xc6\xd1\xeb\x1f\xe8\x14\x60\xc9\x0c\xfe\x9d\xc5"
	"\x11\xbb\x0d\x17\xeb\x6e\x67\x99\xae\xfa\xbf\x03\x4a\xcd\x83\x69"
	"\xeb\x4a\xe7\x76\x75\x38\xdd\x1f\xf4\x84\x9a\x98\xc8\x5d\x64\x8f"
	"\xa0\x84\x91\x0f\x4a\x84\x1b\x63\x3e\xc4\x7a\xc4\x81\xc5\x84\xe2"
	"\x90\x80\x86\x16\xe6\x3f\xa2\x67\x51\xe4\xa1\x8e\x7e\x50\x23\xaa"
	"\x3c\x5b\xb8\x63\x58\x80\x8e\x44\x34\xe6\x19\x11\x2d\xcf\xe9\x5c"
	"\x86\xe0\xd8\x02\xc2\xd7\xc0\xf9\x1f\xed\x5c\xd2\x4e\x47\x20\x15"
	"\x63\x67\x78\x46\xcb\xac\x95\x30\x87\xaf\x74\xd3\xea\x16\x3e\xbf"
	"\xbe\x89\x6d\xd3\xf5\xfa\xe3\xe9\xf1\xe5\xba\xa1\x45\x3d\x3c\xe6"
	"\xa0\xaf\x5f\xbf\xbe\x7e\x1b\x41\x3b\x67\xd8\x2b\x9f\xfc\x6b\x62"
	"\x9c\xd5\x55\x02\x1e\xec\x11\x5e\xe2\x65\xec\x41\x9c\x30\x3d\x86"
	"\xdf\x81\x29\x42\xe4\x99\xe9\x18\x15\xe9\xb2\x63\xe9\x19\x7a\xf7"
	"\xec\xd5\xf5\x04\x26\x44\x0a\xa6\x33\x96\x69\xcc\xa5\xbb\xc2\x6d"
	"\xb9\x4d\xe5\x55\xfa\xfc\xf4\xf6\x7a\x7d\xb9\x3e\xbd\xbf\x75\xe6"
	"\x6e\x55\x6a\x5b\x1b\x68\xd1\x47\x29\xeb\x35\x3f\x13\x1d\xc7\x73"
	"\x05\xa1\x51\xd1\x8c\x3f\x9e\x9b\x2a\x4c\xf1\xfe\xd6\x1e\x56\xdb"
	"\x01\xdf\x2b\x1b\xe0\xb8\x4f\xd7\xf6\xc9\x43\x87\xa4\x3b\xaf\x69"
	"\x51\xaa\xca\x92\x90\xd4\xa6\xa7\x18\xfe\x37\x90\x8b\xbb\x6a\x5c"
	"\x00\xd1\x67\x9f\x23\xa0\x67\x60\xef\x2e\x7b\xd0\x83\x38\xc1\x6f"
	"\x75\x10\xc7\xd1\x42\x5c\xc4\xd1\xd8\x18\xb2\xd5\x95\xc5\xb1\x91"
	"\xeb\x9e\x01\x92\x50\xc7\xb5\xd4\x39\x05\x55\x83\x45\x27\xe8\x21"
	"\x94\xdb\x4e\x62\x5b\x77\x60\xec\x3b\x30\xdb\x3b\x30\x8e\x06\xb3"
	"\xb5\x92\xad\xa5\xc7\x38\xfa\xfe\xd1\xe2\xee\xe1\xe5\xea\x31\x9e"
	"\xad\xc5\xb8\xfa\xaa\x79\x86\x1e\x72\x5f\xc5\x3c\x7d\xb7\x07\xd8"
	"\xf9\xec\xdf\xc3\xce\x36\x6d\x6d\xc9\x6c\xe4\x6a\xf1\x06\x71\xec"
	"\x44\xc3\x46\xec\x09\x2c\xd3\x52\xcb\x29\xe2\x9e\xa9\xe9\x49\x11"
	"\xf7\x6d\xd3\xd5\x42\x2c\x7d\xdd\x3b\x98\x4e\x94\xfb\x2a\x75\x35"
	"\xd3\x16\xcb\xb2\x1c\x5c\x36\x18\xb6\xba\x60\x62\x13\xbd\xf3\x1d"
	"\xcd\x4c\x23\x41\x3b\xe4\x35\xd2\x04\xe4\xaa\x05\x9e\x72\x71\x2c"
	"\x35\xdd\xe6\x24\x0e\xcd\xe0\x34\xa6\x42\x94\x02\x3d\x5e\x9c\x1a"
	"\x4c\xd7\x37\xb5\x18\x6f\x77\xd6\xca\xb6\xc7\xe9\x84\x2b\x70\xa2"
	"\x35\x7d\x72\x0f\xc3\x16\x78\x07\x47\xc7\xb4\xfe\x7b\x0f\x43\x89"
	"\xd3\xf1\x2b\x2b\xc7\xd5\xf4\x37\x80\xd8\xa6\x16\xe2\x79\xda\xcc"
	"\xf8\xbe\x4a\x1c\xd5\xe6\x54\x82\x58\x19\xb7\x7b\xec\x3b\x96\x5d"
	"\xfd\xc6\x87\xf3\xd4\x72\x0d\x4b\x5f\xb6\x0e\xa7\x13\xac\xc0\x6d"
	"\x1d\x57\xdd\x7d\xc5\xe1\x1d\x7b\xa1\x3c\x86\x38\x1a\x41\x54\x32"
	"\x3e\xb3\x12\x53\x11\x6e\x39\x9a\x85\xa0\x02\x97\xe4\x9a\x35\x17"
	"\x30\x9e\x79\xd6\x63\x2c\x75\x99\xab\x98\xec\x30\x97\xd5\x03\x26"
	"\x39\xda\x96\x41\x18\xb5\x6c\xad\xb4\xc7\x58\x5d\x0b\x0e\x58\x1b"
	"\x8b\x58\xb0\x44\x6a\x70\xdc\x26\x96\xe5\x45\x4a\xd0\x29\xf5\x1d"
	"\xd3\xd0\x42\x34\x1b\x1a\x09\xd9\x6a\x21\xbe\x36\x23\xec\xbd\xc5"
	"\x18\x62\xf9\x5a\x88\xad\xe7\x62\x7b\x5a\xc8\x56\xcf\xc5\xd1\xd7"
	"\xc8\xd1\x8a\xce\xf3\xf4\x5c\x3c\x57\x07\xf1\x8d\xad\xb6\x43\x76"
	"\x30\x5d\x5f\x04\x23\x3f\x43\x5b\xec\x9d\x6b\xe8\x21\x96\x16\xe2"
	"\x6d\xf5\x10\x6d\x8b\xef\x7c\xf5\xde\xe5\xa3\x3c\x1a\xee\xdc\xc2"
	"\x52\x17\x28\x23\xb5\xef\x6c\x0d\x2d\xc6\x37\xef\xc0\x68\x46\x44"
	"\x55\x10\x71\x24\x31\x88\xa2\x44\x52\x55\x2f\x55\x7b\x3a\x0c\xa7"
	"\xb5\x1a\xd7\xae\x49\xfb\x92\x14\x87\xfb\x81\x6b\x5c\x5b\x65\x15"
	"\x0b\x97\x46\x2e\x22\xf1\xa6\x6f\x12\x3f\x6e\x6f\xd2\xab\x32\xca"
	"\xf6\x32\xd8\xf3\x8d\x5a\x92\xd3\x28\x4c\xe4\xe2\xdb\x4e\xfd\x3f"
	"\xbc\x2e\xfb\x7e\x7d\x02\x67\x8e\x90\xf1\xe2\x65\x25\xe0\xc9\xb6"
	"\x8a\xe8\x24\x9c\xb4\x4c\xa5\xb4\xc6\xdd\xf4\xb6\x88\x72\xd5\x4d"
	"\x9b\xa4\x15\xc5\xf4\x41\xda\x90\x88\x38\xce\x96\x74\x2c\x9c\x83"
	"\x24\xd6\xa0\xcb\x43\xb2\x0b\xa2\xe4\x81\x65\xf3\xfc\x82\xa8\xca"
	"\x8b\x59\xcc\x8c\x11\x99\x1e\xa2\xb2\xbc\x4c\x65\x47\x0f\x4c\xfc"
	"\xba\xcc\x39\xd1\xbc\xe4\x84\x95\x08\xa3\xa2\xcc\x43\x06\xce\x78"
	"\x17\x9f\x49\xa3\x27\xb4\x4a\xb4\xb0\xcc\xa9\x5b\xf4\x31\xf1\x52"
	"\x94\x6d\x60\xb3\x51\xa2\x68\xfa\x7d\x9e\x95\x8c\x4f\xcc\x29\xfa"
	"\x34\x51\xd5\x29\x3c\x02\x03\xa5\x79\x5a\x12\xd1\x3c\x9d\x97\x74"
	"\xe6\x37\x7f\x4c\xf9\x28\x6a\x36\x87\xef\xa3\x34\x60\xc8\x48\x90"
	"\xf4\xb8\x4c\x11\x7e\x87\x3c\x69\x43\x84\xdc\x3e\x90\x29\x58\x6c"
	"\x13\xc9\xae\x72\x7d\x1b\x93\xbe\x28\x9e\xec\xa7\xd3\x6a\x3e\x5c"
	"\xa2\x69\x42\x4d\xc1\x66\x84\x4e\x13\x4f\x24\x11\x5d\x64\x36\x7c"
	"\x2e\x65\x6f\xb3\x35\x29\x04\x84\xa8\x8e\xd0\x22\xae\xfb\x10\x05"
	"\x4a\x75\x62\xd9\x81\x64\xb3\xe2\x45\x19\x67\x62\x60\xe7\xb3\xf4"
	"\x84\xca\xb7\xdc\xf3\xbc\xb1\x1b\xb8\x96\x96\xe5\x47\xac\xf5\xa0"
	"\xce\xdd\xe8\x5e\x49\x6d\xc2\x3f\x11\x82\xf8\x31\x8e\x39\x3c\xa4"
	"\x8f\x7b\x13\x24\x96\x75\x1a\x24\x51\x41\x42\x6b\x41\xda\xef\xb6"
	"\xc6\x22\xf1\x74\x88\xc0\x90\x60\xde\x29\x53\x22\x9a\x46\x06\x8c"
	"\x9a\xd7\x3c\x25\x97\x38\x21\xfc\x80\xd4\xaf\x8d\x3f\x9d\xc7\xd5"
	"\x8c\x5f\x0e\x81\x92\xa2\xd9\xe0\x96\x51\x8e\xfb\xbe\x32\xc9\x25"
	"\xab\x18\x92\x41\x06\x51\xd9\xa7\x6c\xf2\x72\x12\xe3\x46\xce\x00"
	"\x24\x83\x77\xe9\x49\x3e\x76\x50\x3a\x4a\x6c\x2b\x3c\xc9\x72\x2d"
	"\xd8\xc1\x84\x2c\xce\xb5\x97\xec\x3c\xcb\x07\x5c\xa4\xd2\x70\xc1"
	"\xab\x4d\x6e\xe2\x00\xed\x25\x3d\x44\x6d\x91\x30\x46\xa2\x61\x84"
	"\xc6\x20\xaa\x98\xce\x8b\x44\x08\x00\x0c\xc4\x28\x47\x27\x4e\x26"
	"\x4e\xfc\xf3\xda\x94\x70\x95\x1f\x62\xc3\xa9\xcc\x29\x25\xb3\xe6"
	"\x16\x73\xf3\xa2\x49\x3a\x53\xb6\x59\xe2\x6c\x6e\x97\x36\xb3\xe8"
	"\x02\xc1\x8b\x28\x0a\xbb\xa8\xd8\x93\x12\xf2\x0a\x7a\xb1\x58\x64"
	"\x23\xac\x66\x22\x6b\x08\xf0\xbb\xa8\x5a\x8a\xf5\xb3\x3d\x38\xdf"
	"\x27\x9c\x8d\x2c\x64\x86\xa4\xc5\x70\xe1\x29\x29\xab\x3f\xf3\x4b"
	"\x97\xc5\x10\xe9\xfc\x96\xba\xf8\xa4\x62\xc7\x7c\x96\x92\x17\x3c"
	"\x8a\x16\x7d\xa9\x3a\x88\x79\x09\x9b\xbc\xab\x03\x38\x86\x1d\xbc"
	"\x31\x8e\x5c\x41\xdc\xd2\x55\x13\x79\x0d\x7b\x97\xa6\xe0\x36\xc2"
	"\x5f\x86\x5b\x99\x4d\xd1\x8c\x81\x77\xfb\x79\x31\xcf\x4c\x0c\x1f"
	"\x84\xcb\xc7\xa8\xcc\xe7\xd2\xef\xd3\xf0\xd6\x86\xc0\xab\x62\x32"
	"\x59\xcc\xfb\x5c\x4c\xd5\xe0\xb3\xbe\xc6\x07\x17\x49\x56\x5c\xf4"
	"\xc1\x03\xcb\xd5\xcd\x5e\x7b\x99\xb7\x32\x88\x43\x24\x64\xb8\xa0"
	"\xb6\x77\xe5\x37\xcf\xb6\x13\xbe\x13\xaf\x9b\x07\x94\x4d\x7e\xa0"
	"\xac\x01\x3b\x22\xb1\xe9\x6d\x4d\xa4\xa6\xc1\xc6\x6f\x86\x29\xe3"
	"\xe8\xea\x79\x9a\xe6\x33\x20\x29\x61\x85\x20\xbc\x39\xd0\x70\x42"
	"\x99\xc1\xb2\x4c\x4c\x70\x34\x82\xb0\x8b\xbd\x69\xf8\xe0\xde\xef"
	"\xf9\xc7\xd3\xf5\x05\x9c\x1c\xbc\xfe\xfc\x21\x45\xd5\x5d\xb5\x4d"
	"\xc5\xd4\xfb\x6c\x01\xf3\x28\xc6\xab\x79\xf8\xf3\xe9\xcd\x3e\x1a"
	"\x0a\x37\xaf\xf6\x2a\x5a\x73\x3a\x88\xe9\x23\x61\x8a\x18\xda\x80"
	"\x0a\x12\x39\x75\xf2\x0a\xed\x0a\x32\xf8\xbb\x98\x35\xc1\x33\xce"
	"\x1e\xfc\xf6\x80\x77\x09\xec\xb2\x14\xc0\x69\x8e\x07\xbf\x3e\x49"
	"\xe9\x07\x24\x5e\xef\x58\xaf\x3f\xde\x35\xce\x4f\xe5\xf7\xae\x77"
	"\x36\x0c\x68\x27\x34\x9f\x33\xf4\x8a\x19\x60\x44\x8e\x3a\xf2\x5c"
	"\xf4\x32\xbd\x04\x9b\x44\x21\x8d\xa6\xaa\x54\x9f\x57\x10\x11\xfd"
	"\xc4\xc5\x7e\x7b\xda\x5d\x06\xe6\x83\xd7\xc4\x79\x2e\xf9\x19\x02"
	"\x91\x1c\x0a\x65\x0d\x18\x2f\x4c\xd3\x3d\x6b\x31\xb6\x6b\x29\x31"
	"\xb1\x68\x65\xb8\xdf\x54\x61\xc0\xa5\x3c\xb8\x0f\xc0\x05\x96\xdf"
	"\x04\xb6\x92\x8a\xd6\x94\x27\xbe\x69\x2a\xb3\x2e\x7d\xe2\xba\xce"
	"\xce\x53\x82\x20\x0b\xe9\x7c\x6d\xee\x1d\x6e\xe8\x39\x9d\x3f\x1a"
	"\xfa\xf2\xf8\xe3\xc7\xf2\x3c\xd8\xc6\xf7\x5b\x94\x4e\x9a\xad\x20"
	"\x76\x27\xb2\xb3\x86\x29\x4a\xab\xa6\x8f\xe8\xdb\x40\x03\x62\x46"
	"\xff\xd7\x46\xd6\xbb\xca\x4b\x78\xb3\xf8\xe9\xfa\xfd\xfa\xed\xd3"
	"\x8f\x0d\x5c\xbf\x53\xce\x36\x7f\xfd\x7c\xdf\x04\xc9\x83\xf4\xdf"
	"\xce\xc3\xcd\xd7\xc7\x5f\xfd\x25\xfd\xe3\xcb\x8f\xd7\xcd\x5f\xd7"
	"\xcd\xb7\xeb\xf5\xd3\xf5\xd3\xff\x48\x07\xa5\x63\x4e\x87\xeb\xcb"
	"\x77\x79\x61\xff\xf5\xf5\xed\xba\x79\xfe\xf6\xf9\x75\x5a\xbd\x0e"
	"\xb7\x68\x80\x36\x59\x61\x82\x33\x46\xa9\xe2\x86\x4f\xb8\x91\x8a"
	"\xc4\x24\xd0\xe2\x62\xb1\xd6\x63\x6e\x4a\xc6\x38\xc6\x43\x0b\xd1"
	"\xa3\x8f\x61\xe2\xff\xa4\xd2\xa2\x78\x18\x96\x48\xc4\x96\x39\x0c"
	"\x79\x1b\x38\x86\xfd\x59\x43\x24\xbc\x5c\x9f\x2d\x49\x48\x1d\x12"
	"\x2d\x2c\xcf\x22\x5c\xff\x30\x06\x3e\x90\x32\xd5\xb3\xeb\xce\xd3"
	"\x8d\x68\x10\xaa\x6f\x8f\x28\x13\x42\x0c\x5c\xcb\xc1\x65\x5d\x93"
	"\xf5\x35\x9f\x7d\x7d\xfc\x02\x81\xd4\x57\x7c\xf6\xcb\x19\x24\xa4"
	"\xbe\xa2\x05\xe5\x81\x46\xd1\xb3\x58\x81\x19\xf2\xc9\xaf\xe5\x1c"
	"\x10\x96\x74\xde\xbb\x5b\x42\xae\x58\xe2\x24\x62\x4f\xc2\x7d\x54"
	"\xa9\x98\x87\xf0\x74\xb8\xcc\x6f\xce\x8b\x8a\x97\xc7\x77\x31\xda"
	"\xbe\x6e\xf6\x2f\x3f\xaf\x9b\xe4\xf1\xd7\xf5\xad\x1f\xa9\xa9\x9c"
	"\x6f\x44\xdb\x7c\x7d\xfd\x34\x71\x66\x24\x39\x81\x6f\xab\x3c\x4b"
	"\x2e\x68\x89\xc2\x13\xe2\x83\xa5\x23\x5a\x28\x11\x5e\x6a\xb0\x30"
	"\x22\xca\xe5\xc0\x73\x8d\xd5\xf6\x93\x41\x4f\x56\x27\xc6\xd6\x48"
	"\x6d\x31\x71\x0c\x81\x2c\xd0\x50\x10\x23\x98\xca\x36\x77\x04\x53"
	"\x98\x1a\x8f\x50\x84\x95\x14\x1c\x93\x69\x71\xe5\x83\x6d\x22\xb7"
	"\x7d\x23\x58\xab\x45\xd3\xa1\xe8\xc1\x46\xd4\xfb\x23\x90\xdc\x52"
	"\x1d\x22\xd5\x24\xd4\xc5\xe7\x60\x7b\x06\xba\xc6\x28\x89\x94\x5b"
	"\xa5\x3e\xf3\x02\x0d\x3d\x39\x46\x75\x63\x3d\xf5\x75\xc8\x28\x2d"
	"\xa2\xbd\x0e\x14\x57\x21\x13\x2d\x92\xeb\x70\x47\xc6\xf3\x52\x07"
	"\x62\x05\x62\x09\x38\xc6\x68\xb9\x44\x62\x9c\xde\x23\xaf\x1e\xd7"
	"\x20\xb1\x47\xc7\xb5\xf4\xd1\x90\x78\x53\x14\xe6\x63\x79\xdc\xcb"
	"\xc5\x94\xac\xef\x49\xac\x38\x69\x21\x75\xad\x83\xf4\x51\xd0\x0a"
	"\xd5\x9a\x32\x81\x6a\x61\x09\xd7\x4a\xeb\x21\x0f\xe0\x41\x16\xd5"
	"\xb6\x40\x4a\xab\xa6\xbe\x43\xb0\xf2\x01\x83\x16\x94\x73\x0f\xbb"
	"\x8a\x9d\xc1\xfc\xad\x1e\x76\xae\xef\xe9\x43\x19\x39\xa6\x7a\xa1"
	"\x15\x89\x65\x1b\xb6\x0e\x95\x57\xcc\xf5\x1d\xed\xb0\xfc\x40\x49"
	"\xad\xed\x64\x1f\xc4\x52\x84\x46\x17\x18\xcf\xa5\x05\x2d\xfc\xb3"
	"\xa3\x85\x91\x38\xd2\x4f\xcb\x51\x59\x92\x13\x2b\xc5\x74\xc5\xb9"
	"\x16\x7d\x49\x83\x3c\xd1\xa1\xf4\x23\x93\x5e\x82\xa8\x04\xc3\x79"
	"\x1d\xf0\x2c\xd6\x83\x5c\x2b\x8f\xbc\x40\x9d\x75\x8e\x51\x69\xc6"
	"\xb2\xa8\xba\x87\x19\xd5\x73\x3b\x83\x16\xa5\x49\xb5\xec\x4e\x8c"
	"\x1f\x82\x3c\xd3\x37\x04\xaf\x4d\x43\xdb\xc1\x3f\x54\xda\x61\x57"
	"\x17\xa1\xe7\xc7\x86\x67\x6b\x99\x2d\x0e\x06\xc3\x8e\x61\xaa\xcc"
	"\xf8\xb4\x7e\x14\x8f\x52\xe6\xe2\xa5\x11\x54\x0b\x5f\x9f\x49\x58"
	"\x57\xca\xf1\x70\xe4\x8a\x55\x0c\x9c\x5f\x57\xa8\x2f\x6e\x89\x50"
	"\x9c\x28\xfb\xb5\x94\x5e\x3c\xea\xda\x0a\x98\x74\xcc\x8a\xef\xb8"
	"\x42\xa9\xde\xc7\x0f\xdf\xb0\xc6\xa2\x21\x9e\xa5\x10\xe0\xf6\x70"
	"\xe5\xe9\xf8\x54\x14\x8c\x8b\x3f\xc7\x3d\xbe\x14\x24\x78\x55\xab"
	"\x92\x64\x34\x92\xa1\x21\x2b\xc5\x42\xce\xf2\x13\x29\x4b\xa6\x40"
	"\xa0\x91\x45\x5a\xa5\x07\xf8\x7b\x97\x87\xf4\x98\x9d\xab\xba\x8c"
	"\x14\xdb\x54\xd0\xd4\xc7\xf8\x2a\x79\x11\x5f\xe3\xfd\x22\xfa\x28"
	"\x25\x7b\xc6\xbb\x1d\xe8\x6e\xc4\x5f\xcb\x31\xcf\xf8\x99\xe8\xc0"
	"\x19\x85\xff\xd8\x8e\x62\x7e\xef\x41\x5b\x17\xb1\x03\x94\xb2\x67"
	"\xd9\x43\x23\x9a\x2f\x2a\x17\x22\x1a\x06\x53\xf1\xf7\xaf\x1f\xcf"
	"\x4f\x8f\x2f\xed\x51\x02\x1b\x4d\xc5\x61\xbd\x0f\x64\x79\xd1\x6a"
	"\xb5\x68\xc4\x8e\x68\x39\xa4\x5f\xdd\x23\x16\x16\x6e\xd0\x17\x19"
	"\xf8\x36\xb7\x4e\x56\xdf\x8e\xdc\xce\x50\xf3\x53\x42\x9b\xaa\xd1"
	"\x2e\x8c\x41\xf0\x96\x36\xe2\x77\x42\xb9\xb2\x2c\xb2\xaa\x8d\x34"
	"\x1b\xb0\x56\xa8\xfd\x99\x37\xab\x21\xf0\x6f\x1c\xc3\xc3\x1f\x6b"
	"\x94\x9b\xe2\x84\x73\x6b\xb5\xeb\xdb\xf3\xf7\xbf\xaf\x6f\xa2\xdd"
	"\x6e\x5a\xc9\x79\xa3\xf5\x0a\xb6\x3a\xc4\xcf\x3f\xfb\x52\x49\xee"
	"\x95\x60\x28\x00\xa2\x1a\x79\xf8\x90\x48\x8f\x4a\xf6\x40\xb6\xf1"
	"\x09\x82\x67\x05\x7c\x2e\x95\x78\x38\x0f\x28\x20\x3e\xe4\x02\xf1"
	"\xbd\xaa\x08\x62\xcd\xb5\x2c\xcf\xd2\x35\xbc\x22\x72\x52\x7b\x4c"
	"\x4f\xd3\x8b\x42\x4b\x99\xb0\x60\x08\x37\x3e\xd5\x54\xc6\x9d\xfe"
	"\x6f\xdc\xd9\x6f\x27\xdf\x49\x6a\x04\x53\xfe\xfc\xeb\x35\x68\xdc"
	"\x94\x99\x98\xb9\xe7\x89\x29\x3c\x64\xbd\xa9\xe3\x26\xb4\x78\x89"
	"\x9e\xbc\x2e\x6c\xef\x26\xe0\xbf\x73\x64\x9f\xba\x5a\x92\x81\xb8"
	"\xa2\xe4\x1c\x68\x79\xa0\x98\x54\x07\x54\x46\x53\x3d\x28\xba\x13"
	"\xd4\xf0\x3a\xe0\xa8\xe6\x65\x40\xf6\x62\x44\xf8\x44\xa9\x8e\xc1"
	"\x4c\xe4\xeb\x7c\xe2\x26\x81\xe7\xcc\x3a\x5e\x5d\x23\x61\x3c\x6a"
	"\x42\x4d\x7d\xdd\x5b\x9c\xca\x55\xc3\x12\x6e\xe9\x4b\xd6\x75\x16"
	"\x8c\xc9\xec\x92\x0c\x83\xad\xa8\xbd\x6f\x33\xde\xeb\xff\x4a\xdf"
	"\x10\x2f\xb0\x3e\xfd\x92\x61\xb4\xaa\x5f\xdf\xaf\x7f\xd0\xa5\xee"
	"\xa8\xba\x14\xd1\xc8\xf0\x44\xfe\x6c\x6a\xca\x17\x25\x14\xfb\x1b"
	"\x79\x77\xa4\x5c\x76\xd0\x70\xa6\xf5\x69\xcd\x45\x78\x9a\x4e\x94"
	"\x81\xc5\xa9\xe4\xd1\x07\xb1\xdf\x44\x5c\xdb\x76\xf4\xa5\xfe\xe9"
	"\xc6\xae\x09\x20\x66\xc0\xad\x3e\x43\x52\xff\xc2\xd6\x1f\x5d\xb0"
	"\x83\x45\x1c\x1a\x03\x16\xbe\x5c\xdd\x08\x08\xc2\x3f\x79\xf8\x4f"
	"\xf8\xfa\x9e\xab\x2e\xe0\x83\xaf\xac\x40\x25\x65\x2a\xfe\x30\x94"
	"\xce\xc3\x83\x8a\x5a\xe0\xb4\xf0\x84\x92\x8e\x75\x80\x45\xb4\x02"
	"\x72\xcd\x0f\x54\x41\x0c\x0f\xcc\x2d\xf3\x04\xff\x3e\x45\x1e\x12"
	"\xa7\x51\xca\xc5\xa1\x6c\x2d\xc0\x34\xdc\xc4\xc2\x0d\xe5\xc8\x28"
	"\x07\xee\x2b\xa5\x4b\x81\x69\x18\xec\x3e\xb5\x59\x58\xdf\x4c\x41"
	"\x41\x09\x5b\xd4\x0c\x4e\x08\x87\x13\xb8\xe4\xca\xf6\xd1\xd2\xe8"
	"\x11\xec\x97\x56\x76\x72\x2d\x07\x9a\xba\x36\x62\x99\x7c\x03\x38"
	"\x0a\x80\xf4\x42\x6a\x28\xe9\xd8\xf3\x34\x49\x6f\x03\x87\x29\x00"
	"\xa8\x8b\x80\x96\x3d\xf8\xec\xdd\xaa\xe9\x8e\xa5\xa2\x3b\x8e\x65"
	"\x6a\xe8\xb6\x9a\xee\x2a\xf9\xfb\x98\xaf\xe4\x9e\x8e\xbd\xb9\xb9"
	"\x89\x07\x71\xa3\x30\x00\x5c\x5b\x01\x08\xc5\x14\x6f\x6d\xb9\x81"
	"\x98\x1a\xb7\x4c\x10\x77\x14\x92\x38\xf8\xeb\x53\xf4\x92\xd0\xf2"
	"\x0d\x95\x14\x2a\xdb\xd9\x29\xa4\x58\x51\x02\xde\x07\x15\x80\x84"
	"\x3a\x3b\xec\x85\xc1\xd0\x0f\x9d\xff\xe2\x74\xc6\x6d\x33\x4e\x6c"
	"\x73\x77\xd6\x62\xac\xf3\x59\x31\x88\xe4\xf5\xe6\x5f\x2f\xcf\xdf"
	"\xfe\xf3\x9b\xf9\xbb\x5c\x8d\xca\x7d\xb0\xe9\x8c\x04\x7f\x42\x20"
	"\xb7\x35\xab\xdf\xcd\x6f\x37\xfb\x9e\xdf\x97\xc3\x10\x0e\x67\x8a"
	"\x26\x50\xc4\x31\x93\x74\xf0\x13\xbb\x5a\xe4\xea\xed\xf9\xcb\x97"
	"\xc9\x7a\x38\xb6\x91\x58\x4e\x3b\xbd\xf1\xc4\xc2\xa5\xc3\x3a\x2c"
	"\x17\x73\x0f\x76\xeb\x38\x01\x1e\x22\xb1\x0c\x05\xd8\x95\xc4\x04"
	"\xaa\x36\x92\x9b\x40\x69\x51\xeb\x41\xea\xf9\xa3\x47\xf5\xc6\x2e"
	"\x53\x29\x4b\x39\x3e\x7f\x7f\x87\x98\x9d\x3f\x36\xef\xad\x30\x6f"
	"\xed\x9c\x5d\xdf\x3f\x3f\xbf\x40\x28\xdc\x27\xe9\x25\x6f\xf3\x1b"
	"\xc8\xfc\xfd\xf1\xed\xcb\xf5\x7d\xd9\xc8\x83\x6c\x4b\x92\x71\x16"
	"\x65\xf7\x54\x90\xa4\x58\xe8\xcc\x09\xae\x20\x19\x72\xad\x05\xb7"
	"\x3b\x10\xa1\x44\x9c\x58\xaa\xcb\xca\xa2\x14\x89\xe9\x61\x69\x7c"
	"\x04\xa9\xd3\x5f\xdd\x26\x71\x88\x13\x7a\x73\xc7\x0f\x44\x7c\xfd"
	"\x97\xe4\x45\xb0\xbe\xde\x6b\x65\x45\x9b\x49\xe8\x52\x48\xe8\xd7"
	"\xc3\x51\xd2\x81\x56\x39\xbf\xac\x27\xf6\xce\x78\xfe\xf1\xf6\xfe"
	"\x64\xfc\x63\x0c\x10\xc4\x2a\x3f\xd0\xe9\x57\x5d\xe2\xec\xab\x9b"
	"\x1f\xcd\x4a\x55\x19\xa0\x66\xc7\x34\x5a\xfa\x2c\x13\x94\xcd\x73"
	"\xef\x3a\x6f\x34\xda\xe0\x0b\xb1\x8d\x8d\x07\xb9\xcd\xd3\xc1\x63"
	"\xc9\x4a\xf2\xcc\x3d\xcb\x38\xbd\xa9\x59\xd4\xcc\x1d\xb5\x4c\x2b"
	"\x50\x1e\xd7\x77\x76\x60\xbd\x06\x25\x5d\xd9\x0d\xf4\xdf\x91\x20"
	"\x70\x3e\x46\xdc\x56\x32\x27\xc1\xd9\x47\x2e\x02\x7b\x48\xc8\xe7"
	"\xfe\x98\x56\x21\xc8\x2b\x9a\x11\xc4\xc5\x7c\x2c\x77\x90\xc3\x25"
	"\xf5\x1d\x57\x5d\x5e\x88\x66\xb4\xc3\x7c\x01\x77\x98\x92\x3b\xd4"
	"\xd6\xe4\xc5\x78\x62\x5a\x48\xf0\x85\x29\xc6\x52\x33\x3a\x0b\x88"
	"\xa3\x44\xc8\x70\xa9\x96\xad\xc7\x18\xee\x1d\xa0\x7b\x30\xbe\x46"
	"\x86\x5b\xb3\xf2\xd5\x22\x0c\x3e\xd8\xd6\x83\x12\xc1\xc5\x5e\x71"
	"\x87\xb8\x97\xea\x31\x71\x8a\xbe\x1e\x1f\xda\x4a\x74\x3f\x53\x0b"
	"\x71\x90\x77\xc7\x63\x2e\x96\xba\x15\xa2\xd4\x36\x2c\x75\x2f\x2e"
	"\xc1\xeb\xb3\xbd\x1a\x20\x5b\x33\xd4\x40\xa2\x3b\xbd\xd0\x77\x5b"
	"\xfd\x40\xb3\xf4\x10\x47\x0b\xd9\xda\x7a\x88\x7e\x44\xef\x0c\xfd"
	"\x50\x44\xac\x21\x06\x91\xee\x30\x9f\x1e\xb7\xa6\xdb\xea\x5b\xd7"
	"\x35\xcd\x3b\x86\xfc\xd6\xbf\x63\xea\xb0\x74\xc3\xc7\x32\xff\x8f"
	"\xb5\xa7\x6b\x6e\xdd\xc6\xf5\xaf\x64\xf6\x69\x77\xa6\xa7\xb5\x64"
	"\xd9\x96\x1f\xce\x03\x2d\xc9\xb6\x6a\x7d\x45\xa4\x1c\xe7\xbc\x68"
	"\xd2\x44\xcd\xf1\x34\xb1\x73\x1d\x67\x7b\xce\xfe\xfa\x0b\x90\x92"
	"\xad\x0f\x42\xca\xce\xbd\xd3\x6d\x37\x26\x20\x8a\x22\x01\x10\x04"
	"\x40\x60\x80\x57\x43\x27\x99\xcd\x27\xc4\x1e\xa8\x49\x91\x82\xf4"
	"\x83\x66\x8d\x4f\x88\x6c\x97\x8f\x29\x17\x77\x73\x84\x43\x84\x0c"
	"\x74\x34\x6f\xda\x77\x9a\x41\x46\x83\xe3\x30\x4c\x7b\x3a\x44\x20"
	"\x54\xce\xd2\x3a\xca\x64\x90\x12\xa7\xf6\x24\x5f\xb2\xd0\x27\x22"
	"\x98\x6a\x98\x33\x6b\x88\x39\x4c\x6b\xd4\xcf\x62\x5c\x6c\x8c\x99"
	"\x60\x03\x84\x62\xd9\x62\xe0\xeb\x11\x65\x3c\x19\x44\x99\xcc\xfb"
	"\x51\x78\x38\x35\x07\x3e\x6a\x71\x6b\xd9\x03\x44\x9b\x26\x13\x67"
	"\x80\xcb\x90\x20\xfa\x39\xe8\xdb\x7d\x74\x1b\x26\x1d\x8a\x39\x1e"
	"\xbe\xa0\x6a\x3e\x40\x2f\x49\x30\x1a\x90\xf3\x88\xd1\x3f\xc4\xa5"
	"\x80\xbf\x86\xf6\x02\x1e\x6d\x79\xff\x5c\xb4\x4b\x80\x5f\x2e\x8b"
	"\xf2\xe2\xf0\x0e\xc7\xbd\x81\x2f\xa9\xdd\x54\xc0\x83\x93\x2e\x15"
	"\x73\xc8\xae\x41\xf8\xd7\x44\xb8\x97\x56\xc2\xc1\x8d\xf1\x7b\x9d"
	"\x0c\xb8\xd0\x98\x7b\xd1\xaa\x91\xd3\x16\xdb\xe2\xc6\x35\x27\x0c"
	"\x91\x4d\x19\x50\xcb\xca\x25\x02\x34\x59\xb8\x60\x38\xc5\x44\x3e"
	"\x71\x99\xbc\x8a\x7a\x16\x4d\xb3\x01\xfa\x95\x19\x91\xb5\x3c\x04"
	"\x25\x07\x33\xfc\x13\x85\x06\x83\xf1\x78\x94\x53\x9d\x97\x75\x35"
	"\x07\xc0\x8a\xf6\x48\xac\x5b\x27\xc6\x2c\xc7\x38\x31\xe1\x8a\x88"
	"\x7d\xb8\xe2\x50\x45\x32\x01\xe4\x68\x57\xc5\x79\xd9\x17\x87\x73"
	"\x83\x1a\x18\xbf\x8f\x9c\x5c\xd0\x03\x87\x76\xad\x5a\x0e\xed\x8b"
	"\x6c\xd9\xbd\x84\x21\xfb\x43\x4f\x64\xe3\xd6\xd4\x9d\x6c\xd7\xaf"
	"\x68\xb6\xeb\xf5\xd1\x13\x07\x61\xcc\xee\x5a\x65\x1d\xd4\xd0\xae"
	"\x4a\xc3\x5e\x6d\x4c\xdb\xfd\x09\x86\xa9\xe3\x86\x32\x5d\xfb\x02"
	"\x93\xfe\x11\xc6\x8a\x12\x45\xa6\xa0\x24\xdf\x94\x87\x61\x33\xd5"
	"\x5f\xad\xb9\xca\xe6\xac\xab\x76\x50\xde\x6d\x79\x3c\x1d\xdf\x8f"
	"\x7f\x9e\x6f\xd6\x3f\xdf\x8a\xd3\x97\xed\xcd\xf3\x47\xf1\x7e\xd6"
	"\x5d\xd8\x59\xdf\x27\x1e\x9e\x94\xb8\x93\xb4\x0a\xf7\x54\x53\x2d"
	"\x18\x70\xd9\xaa\x3e\x14\x3f\x25\x02\xdd\x92\xd4\xe7\xa1\x49\x16"
	"\x76\x03\x42\xf3\x5c\x9f\x10\x42\x01\x95\xe4\x18\x40\xf6\xcc\x1c"
	"\x13\xa5\xcf\x53\x7b\x66\x98\x19\x01\x32\x6c\xdb\xcb\xba\x07\x40"
	"\xa0\x80\xf7\x73\x19\x22\x7d\x59\x41\x95\xff\xff\xf1\xb1\x78\x29"
	"\x4e\xc7\xd7\xe2\xdc\x5a\x57\x06\x34\x65\x4c\x4d\x62\xb3\xa8\xa0"
	"\xe3\x5e\xe8\xbc\x0f\x6a\x75\x63\x81\xd9\xe1\xe1\xe5\xf8\x7c\x73"
	"\x06\x42\xdb\x3f\xef\xcf\x0f\x2f\x68\x61\x81\xe1\x76\xc7\x36\x9b"
	"\x12\xa5\x15\x00\x44\xd5\xb7\x07\x90\x6d\x90\x4f\x19\x84\x03\x19"
	"\x40\xa6\x4d\x0e\xb5\x1a\xe7\x1f\xfb\x2f\x4f\xfb\x53\xa1\xca\xbc"
	"\x52\x83\x16\xb3\x56\xbe\x29\x05\x7e\x78\x7b\x78\x84\x4e\x0e\x8f"
	"\xc5\xa7\xbe\x9c\x2a\xe7\x29\x41\xe4\x37\xcc\xac\xee\x9b\x5d\x39"
	"\x62\xf8\x3f\xf5\x46\xfe\xf3\x70\xfe\x5e\xbc\xef\x5b\x2f\x9c\xdb"
	"\x63\xaa\x57\x00\x59\x9a\x5e\x55\x77\xcf\x3f\x81\x25\x1f\x8f\x6f"
	"\x05\x80\x70\x3b\xd5\x50\xd7\x48\x13\x0f\x1e\x15\xe7\xbf\x8f\xa7"
	"\xbf\xe4\x04\xff\xfc\x4f\x71\xfa\xe5\xc6\x7f\x7d\x2b\x9e\xe4\xf4"
	"\x38\xc4\x9c\x4c\xe6\xe3\xee\x59\x2c\xd8\x3f\x7f\x3f\xeb\xde\x2d"
	"\x78\x60\xfe\x98\xfd\xe8\x2e\x29\xac\xde\xbf\x8b\x9b\xe2\x50\x9c"
	"\x9e\x7f\xde\x48\x8e\x40\x8e\xf1\x9d\xe6\xcb\xbc\x19\x95\x25\x45"
	"\xc1\xac\x1e\x98\xdd\x03\x9b\x93\x30\x7b\xd2\x9d\xe5\xb4\x78\x3f"
	"\xbe\xa0\x5d\xfa\x13\x24\x63\xf2\x39\x45\x32\x26\x68\xef\xa3\x3e"
	"\xa0\xd1\x5d\xa1\xca\xba\x7c\xf3\x05\xa5\xca\xe1\x09\x18\x41\x16"
	"\x4e\xae\x52\x5f\x3c\xfc\xf5\xf1\x86\x63\x81\x01\xc2\xda\xbf\x15"
	"\xc5\xe3\xf7\x46\xb6\x47\x25\x5f\xf3\x4e\xa2\x86\x92\xaf\x9e\x4e"
	"\xc7\xfd\xd3\x75\x3b\x64\x7c\x1d\x7a\xb5\xe8\x88\x46\x69\x17\xf8"
	"\x21\x6d\x7b\x5e\x88\xb6\xe6\xa4\x09\x70\x58\xba\x95\x65\xa1\x4b"
	"\xd0\x55\x9c\x23\x70\x9d\x45\x1b\x09\xd1\xe7\x16\x29\x07\x49\x97"
	"\x0c\x05\x45\x2b\x07\x25\x6b\x46\xd5\x3b\x0a\xa8\x48\xce\x15\xcf"
	"\x31\xb5\x26\x16\x17\xa0\x36\x8d\x10\x07\x18\x6c\xf2\x5d\x00\x1a"
	"\x0f\xfc\x71\xf7\x2d\x25\x53\xc8\x8b\xa5\xbe\x9b\x3b\x3f\x70\x8c"
	"\xd1\x68\x24\xfd\xc1\x03\x18\x94\xaf\x95\xba\xbc\xb2\xe1\x33\x4a"
	"\xfb\x5e\xa5\xde\x3d\xe5\x2d\x77\xd2\xfb\x44\xc4\xd2\x9a\xe9\x38"
	"\xa9\xe7\xfd\xbf\x38\xf9\x73\xe1\x24\x61\xdb\xd3\x0f\x6d\x4e\xc3"
	"\xd5\xaf\x9a\x97\x18\x52\x47\x9c\x90\x12\xdf\x22\xb2\x53\xae\xe2"
	"\xc0\x5d\xfa\x84\x47\xd6\x59\xa7\xb0\xc9\x5f\xee\x18\xea\x34\x29"
	"\x58\x40\xfc\x64\x50\x8f\x36\x59\x3d\xf1\x05\x16\x88\xc7\x55\x4e"
	"\x52\x2f\x61\xf5\xba\x57\x57\x0a\xb8\xa4\x4e\x55\x59\x72\x9d\x97"
	"\xe3\xe3\x5f\xaa\xfe\x00\xca\xc8\x3a\x57\xd5\xa8\x06\x15\x3a\x86"
	"\x15\x0c\xf4\x03\x06\x8c\x35\x77\x37\x43\xb4\xc7\xfd\xc9\x78\x62"
	"\x7c\x02\xcb\xb0\x3e\x81\x44\x24\x8d\xaa\x21\x39\xae\xe3\xcd\x88"
	"\x4d\xbd\x85\x46\x15\x29\xae\xa3\x71\xcc\xcc\x9c\x13\xd9\x8d\x11"
	"\xe3\x36\x4e\xfd\xdb\x41\x06\x6c\xbb\x30\x74\x48\xd1\x2e\x19\x42"
	"\xa1\x3c\xad\x75\x94\x1d\x1b\x44\xf1\x1d\x62\x2b\xae\xaf\xbe\xa3"
	"\xb3\x37\xad\xef\x80\xc9\xa3\x66\x10\xc9\xb5\x0d\x24\x80\xcc\xa2"
	"\xa1\x08\x4a\x12\x19\x3f\x7e\x9c\x1a\xa5\xea\x2b\x46\x42\x17\xa1"
	"\x3a\x74\x36\x5a\x92\x34\x5e\xd4\x48\x98\xa9\x5a\x34\xeb\x76\x6a"
	"\xfb\x66\x7b\xee\x6d\x05\xa6\x5b\x62\x21\x89\x11\xc7\x41\x7e\x17"
	"\xa7\x1b\x96\xb6\xd3\xec\xcb\x93\x6a\x9a\x32\x91\xc1\x03\xa3\x91"
	"\x3d\x21\x5c\xdd\x58\xf3\x26\xc0\x80\xf9\x0b\xb6\x31\x35\x46\xf2"
	"\x1f\xcd\x44\xc1\xeb\xa7\xd6\x05\x13\x3a\x9d\x9b\x46\xe3\x80\x9d"
	"\x96\x09\xf1\x61\xce\x6c\xc2\x82\xa4\x12\x67\x27\x3e\x91\xb2\xbb"
	"\xfa\x34\x27\x1c\x40\x08\x45\x66\xf6\x63\x08\xa2\xf4\xb0\x77\x19"
	"\x24\x71\xd5\x21\x64\x7e\xb0\x88\xf5\x3b\x97\x0f\xc4\x94\x91\x65"
	"\xe3\xd2\xe2\xf5\x78\x2e\xde\x4e\xc7\x47\xad\x6d\xc4\xc3\xcc\x11"
	"\xe8\xde\xea\x3e\xf8\xf6\xfa\xde\x39\x7f\x60\x2e\xea\x7f\xf2\x9f"
	"\xef\xe7\xe2\xf5\x26\x06\x01\xf7\x7d\xff\xf6\x2f\xd4\x19\x1e\xf7"
	"\x7f\xee\x1f\x6b\x71\x47\x4a\x37\x78\x05\x95\x1b\x9a\x31\x59\x78"
	"\xab\x9f\xc5\xe9\xf8\xf0\xf4\x78\x7c\x6d\xc1\x6a\x59\x47\x9c\x7c"
	"\x91\x3a\x21\x17\x8b\xae\xa7\xf7\xd7\x70\xa7\xeb\xf3\xf6\xe3\xe1"
	"\x05\xba\xa4\xfb\xcc\xa2\x9d\x9f\xf3\x94\xe9\x79\x5b\x66\x4d\xd3"
	"\x45\x2c\x27\x58\x06\x6f\xbb\x4c\xbd\xdb\x4b\x19\x2e\xf5\xf3\x66"
	"\x75\x84\x77\x1c\x8e\x75\x7e\x2b\x41\xb0\x09\x6d\xab\xec\x69\x71"
	"\xe4\x7a\x21\x6b\x32\x43\x1d\x0d\xce\xb7\xb8\x15\x61\x60\xbd\xde"
	"\x20\x51\xc7\xc5\x4b\x0a\x1c\x76\xa2\x41\xcc\x4b\x51\xda\xe1\x3e"
	"\x19\xe7\xfe\xb6\xbb\xbb\x57\x5f\xa9\x89\x26\xbb\x4e\x09\x88\x04"
	"\x4f\x9b\xa1\xc7\xdb\x09\x55\xe5\x5b\x3e\xe7\xfd\x38\x83\x86\x59"
	"\xdd\xac\xd7\xf4\xa8\xd0\x41\x89\x75\x72\xf2\x1a\x4f\x89\x43\x86"
	"\x0a\x94\x70\x4c\x40\x30\x26\x6e\x63\x97\x28\xa9\xc0\x0a\xa6\xac"
	"\x0f\x85\x87\x93\xc9\xc8\x24\x3f\xec\x12\x24\xdf\xa8\x63\x0e\xdc"
	"\x94\xea\xfc\xf7\xbe\x5f\xcb\x2c\xe3\xa3\xf9\x45\x06\x91\x37\x94"
	"\xdc\x4b\x6b\xee\x2c\xf4\x5d\xe4\x9b\xa5\xbf\x94\x58\xed\x07\xab"
	"\x80\x4c\xe2\xb9\x32\x00\xa1\x39\x84\xaa\x56\x31\x47\x02\xbc\xa0"
	"\x98\xcd\x8e\xf9\x9d\xa6\xde\x4e\x1b\xa3\x7c\x56\x73\x40\xa3\x8d"
	"\x15\xbb\x60\x6c\x4d\xc8\x94\x92\x15\x9c\xd2\x74\x17\x21\x33\x08"
	"\xab\x01\x80\x4c\x93\x02\x39\x70\x18\x57\x57\x69\xf5\x5c\xc1\x4c"
	"\xa2\x57\x97\x51\xc5\x6c\xdd\x10\x4e\x1c\x54\xdd\x48\x09\x9b\xd3"
	"\x30\x42\x29\x97\xf3\x2a\xd4\x40\xf3\x31\xdb\xf9\x7a\xfd\x7c\xb3"
	"\xe3\xee\x9c\x80\x38\xbf\x6f\x60\xc3\x24\xea\x8e\x83\x5a\x32\xa6"
	"\x82\x26\xd9\xcc\x9a\xd0\x0b\x53\xc1\xe9\x70\x4f\x36\xa3\xea\x0c"
	"\x03\xcc\xb6\x08\x8b\x07\xc0\xe6\x13\x42\x7d\x55\x30\xe2\x53\x76"
	"\x8e\x35\x22\xbc\xa6\x00\x9b\x9a\x84\x1c\xe0\x0e\x1b\x93\xd9\x96"
	"\xc5\xc6\x1e\x1b\x26\x09\x5b\xb0\xc9\xff\xc9\x14\x66\x4e\x49\xa3"
	"\x96\x39\x37\x68\x10\x65\x8c\x98\x59\x33\xda\xb6\x46\xbf\x6b\x46"
	"\xbf\x6b\x36\x1f\x93\x16\x39\x7b\x46\x81\xe6\x26\xf9\xd4\x9c\x88"
	"\xe7\x73\xe4\x81\xd6\x40\xb1\xaf\x97\xc5\xd1\xd6\x0b\xe2\x04\x0d"
	"\xc9\xc2\x73\xa8\xe0\xc6\xb5\x6f\x5b\x84\xc7\x6e\xbd\xa3\x92\xfe"
	"\xfa\x11\x33\x77\x3b\xf2\xcd\x81\x70\x4c\x8b\xa8\x2e\x2e\x61\x54"
	"\xa0\x26\xc2\x88\xcb\x37\x58\xd0\x9b\x0a\x54\x40\x98\x41\xdd\xd7"
	"\x54\x40\x9b\x84\x8d\x89\xc8\x11\xcc\x15\x3f\x25\xbe\x3f\x74\x92"
	"\xb1\x49\x84\x07\x21\xcc\x22\x82\x63\x22\x96\xcd\x28\xaf\xa5\xf0"
	"\x71\x3e\x47\xb6\xe1\xf4\x82\xc7\xfd\x4f\x5b\x7c\x44\xc4\xfa\x2a"
	"\x0c\xc3\x34\xc6\x76\x1f\x7c\x64\x73\xa3\x77\x84\x86\x69\xf3\xd1"
	"\xa4\x17\x63\x6a\xf0\x29\x71\xdd\x54\x62\xc0\x1b\x8c\x49\x0f\x78"
	"\x36\x27\xcc\xbe\x0a\x6c\x4f\x6d\xf2\x13\x44\xe0\x58\x13\x22\x7f"
	"\xc4\x76\x09\x67\xa1\x36\xd1\x96\xca\xf6\xdb\x0b\x28\xe1\x1d\x71"
	"\x63\x8f\xa7\x1a\x1b\xf6\xf7\xe2\x55\xde\x20\xe4\x1a\x53\xaf\x08"
	"\x18\xe8\x04\xeb\xd2\x57\x4a\xf0\x2d\xb7\x29\xbe\x62\xb7\xed\xec"
	"\x2b\xd7\xd1\x7f\xb3\xe7\xdd\xa0\xdd\xf5\xfe\xa9\xf2\xe0\xa2\xe7"
	"\x43\xd9\x4e\x2e\x07\x0e\x9e\x54\xc0\x0b\xa0\xb9\x4f\xf2\xa4\x1c"
	"\x69\x2b\xe7\x58\x69\x88\xf9\x38\x9c\x6b\x67\x84\xca\xd8\x0d\x72"
	"\xfa\x41\x49\x6c\x4a\x4c\x4f\x46\x53\xca\x32\x3c\xa1\xea\xb9\x23"
	"\x88\x74\x66\x4c\x2c\xd3\x20\x41\xd6\x94\x06\x51\x86\xe6\xc9\x64"
	"\x6e\xa6\x34\x6c\x4c\xc3\x46\xe4\x97\x4d\x4d\x2b\x25\x37\x77\x94"
	"\x6d\x53\xd2\xb9\x30\x99\xda\xe4\x47\xcc\x88\x6d\x18\x41\x53\x83"
	"\x06\x91\xe3\xec\xd9\xbc\xc6\xa4\x93\xcb\xb6\x09\xef\x98\x9b\xc4"
	"\x82\x2c\x80\x1c\x4e\xcd\x31\xf1\xd1\x20\x5f\x27\x06\x29\xcf\x27"
	"\xb6\x49\x8a\x5e\x6b\x46\xd8\xc4\x10\x36\x27\x44\xaf\x62\x7e\x57"
	"\xe3\xeb\x46\xbe\x79\xfa\x78\x7d\xfd\x59\x9e\x7b\x2b\x72\x5f\x9e"
	"\x8a\xff\xf9\x28\x0e\x8f\x3f\x2f\xce\xa2\xff\xa0\x23\xc0\x75\xf9"
	"\x6f\x49\x10\x5c\x6a\x7a\x49\x0b\xd2\x0a\x1d\x29\x0f\xe7\xe3\xe9"
	"\x37\x77\xff\x7e\x3e\xed\xff\xf8\x68\xd7\x12\x67\xee\xbc\x15\xec"
	"\xa8\x22\x8f\xbe\x3f\xbc\x17\x5f\x02\xe8\xa3\x78\xba\x09\x8e\xc7"
	"\xb7\x9b\x7f\x42\xe7\xff\xba\xf9\xf3\xf2\xf2\xf7\xda\xcb\x9b\x1d"
	"\x2e\xad\xb1\x46\x99\xfa\x6f\x5c\x52\x24\xbf\x21\x94\x0a\x51\xac"
	"\xa0\xd3\x3e\x87\x27\xc9\xe4\xbb\x94\x5b\x13\xea\x88\xb1\x32\x28"
	"\xf5\x37\xc9\xc6\xa3\xc9\x88\x54\xad\x4b\xa5\x7f\x75\x9f\xc6\x3d"
	"\x3a\xbf\x2f\x56\xe3\x96\x07\x48\x09\xd1\xe2\xe1\xe5\xfc\xbd\x26"
	"\xcf\xab\xd6\xd3\xf9\x26\x7d\x38\x17\x37\xe1\xf1\xb0\x3f\xb7\xa7"
	"\x70\xe9\x59\x16\xc5\x2e\x12\x66\x51\xc4\x3d\x1e\xf5\x28\x2b\x08"
	"\xec\x46\xa8\xad\x3f\x5e\xf7\x4f\xfb\xf3\x4f\xed\x62\x86\xe6\x98"
	"\xd8\x4f\xdd\xb5\x20\xb6\x9a\x35\xee\xf5\x84\x0a\xb3\x16\xdc\x24"
	"\xd8\x6f\x2d\x32\x02\xc2\xfd\x19\x75\x98\x40\x90\xd9\x9d\x76\x1f"
	"\x78\xe6\x8c\x97\x48\x5e\x8b\x87\xf7\x8f\x53\xf1\x5a\x1c\xce\x37"
	"\x1f\x30\xd3\x1a\x52\xb5\x46\x7d\xc4\x68\x91\xe7\x59\x1f\x28\x8a"
	"\xa4\x9a\x12\x4c\x89\xec\x4d\xb8\x9b\x52\xfa\xef\x16\x49\x72\x8a"
	"\x24\x49\x3d\x5d\x92\x64\xc0\xc3\xa9\xcb\x77\x9f\xf7\xd8\x32\xf7"
	"\x77\x37\xe7\xd4\x89\x99\x05\x63\x2c\x31\xa2\x87\x25\x2e\x9f\x53"
	"\x37\x02\x25\x90\x2a\x0c\xb1\x58\x1b\x54\xc1\x0c\x04\x11\xb3\xeb"
	"\x84\x63\xd3\x20\x62\x54\x11\x46\xd9\xef\x43\xf8\x84\x31\x05\x9a"
	"\x12\x34\x84\xa0\x29\x71\xc8\x5d\x25\x26\x4b\x80\xc2\xd8\x68\x44"
	"\x14\xed\x91\x3a\x0e\xde\x7e\x0a\xcc\xf9\x88\x38\x0c\x34\x91\x88"
	"\x1b\x83\x12\x48\xd5\xe3\xfa\x9d\x33\xd0\xaf\x89\xa0\xc4\x24\x1d"
	"\x91\xd7\xf0\x44\x4a\xdd\xa0\x03\x81\x00\x92\x84\x58\xd3\x38\x11"
	"\xb0\xdc\xfa\x07\x13\x18\x8a\x39\x22\xc1\xdc\x37\x0c\x6b\x42\x1d"
	"\xd3\xc7\x63\xc2\xb8\x22\x1c\x3e\xb6\x08\x27\x98\x84\x11\xd7\x0b"
	"\xaa\xb9\xc5\x70\x04\x2a\x54\x5f\xc2\x6c\x12\x66\x4d\xc6\xd4\x7d"
	"\xef\x89\x61\x9b\x7a\x9f\xf1\xd6\x89\x02\x72\xfa\xb6\x5e\x18\x4c"
	"\x47\x84\xb7\x6e\x1b\x4c\x0d\x4d\x28\x4c\xf8\xf0\x7c\x28\xce\xca"
	"\x2a\xa7\xe5\xde\x0d\x59\x37\x45\x82\x08\x55\x6e\x33\x9a\xcf\x09"
	"\x8e\x2f\x0d\x6f\x21\x5b\x45\x3d\x82\xec\x8a\x43\x5a\x97\xd8\x6a"
	"\x4c\x85\x8b\x87\xa1\x33\x9e\x98\x56\xaf\x41\x4d\x76\x4e\xef\xad"
	"\xd5\x0a\xaf\x43\x67\x62\x5b\x3d\x15\x98\x5a\x78\xad\xe1\xaa\x49"
	"\xfe\x78\x39\xef\xdf\x5e\x8a\x1f\x2d\x95\x07\x47\xd2\x2a\x22\x5a"
	"\x6e\x24\x8f\x2f\xfb\x43\x67\x51\x7a\x03\x38\x1a\x9d\xca\x6b\xf8"
	"\x69\x96\x08\x9d\x39\xb6\x39\x11\x78\xc9\x89\x34\xda\x56\xba\xd7"
	"\xdb\xf1\x0c\x7b\xd9\x5e\x63\xbc\x85\xb3\xaf\x3d\x22\x0d\x0e\x13"
	"\xcb\x36\x7a\x60\x33\x52\xeb\x35\xc6\xb4\xb6\x4c\xf1\x8d\x48\x02"
	"\xad\xaa\xd1\xfe\x08\x98\xb6\xe6\x8e\x1c\x84\xc9\xdc\x18\x69\xf4"
	"\xa8\xe4\x54\xbc\xe3\x46\xae\x65\x8c\x45\x32\x9a\x8e\xc2\x15\x41"
	"\xbf\x09\x65\x3c\x5e\x27\xd4\x74\x25\x81\x61\xf4\x18\x5b\x15\x98"
	"\xe4\x86\x24\x00\x6e\x20\x8e\x11\x7c\x42\x1a\x7e\x00\x44\xd4\xa7"
	"\x2a\xd9\x44\x66\xb3\xd2\xcf\xf7\x84\x52\x17\xd7\x89\x39\x9a\xea"
	"\x3f\xe3\x5b\xc2\x60\x1f\x9d\xea\xd5\x87\x03\x86\x6c\xe9\xe6\x9a"
	"\x8f\xe7\x4d\x9b\x5e\xb9\x3c\xc7\x1f\xfb\x57\x54\x22\x31\xd0\xe4"
	"\x69\xff\xae\xe2\xf0\x34\x1d\x04\xbe\xcb\x52\xcc\xe5\xee\x51\xe1"
	"\xcd\x3c\x5d\x52\x05\x19\x77\xf3\x09\x65\x1c\x86\x87\xec\x6e\x88"
	"\x55\xf1\xfa\x86\x87\x27\x82\x70\x80\xf4\xfd\x30\x97\xd9\xbf\x62"
	"\x27\xce\xa8\xb4\xa5\x61\xb0\x9b\x8f\xa6\xd4\xd6\x14\x26\x23\xc2"
	"\xcd\x20\x41\x33\x62\xd3\xb9\xe7\xc4\xf6\x29\x41\xa6\x2e\xfb\x4d"
	"\x72\x57\xf3\xef\xc3\x8f\xee\x75\x52\x6c\x44\x7f\xfe\x52\x84\x44"
	"\x8a\x8c\x50\x5d\x79\xb7\x75\xc1\x0d\x7e\x7a\x8b\xe9\x67\x9b\x31"
	"\x04\x8d\xc2\x33\x65\x83\xac\x3d\x1f\xa5\x5f\x8d\x76\xfb\x76\x5c"
	"\xaf\x21\x92\x0a\x1f\xd3\xf5\xa1\x1f\xcb\x49\xb2\x86\x6f\x2c\x61"
	"\xce\xa6\x9d\x0d\xe4\xe2\xfa\xc6\x24\x63\xf0\x43\xa4\x71\x10\x34"
	"\x9d\x71\x0a\xc6\xc4\x9a\xa8\xd7\xa7\xe0\x0b\x2f\x0d\x88\x14\x9e"
	"\x0a\xc1\x0f\x77\xb3\x1e\x30\x16\xff\x20\x62\x5a\x4a\x84\xc4\x31"
	"\x6c\xe2\x3a\xbd\xc2\x08\x3d\x1e\xf7\x8d\x20\xf1\xb9\x60\x30\xd9"
	"\x71\x0f\x0e\x8f\x1d\x0c\x70\xeb\xc3\x90\x75\xa8\x7b\xe0\xe8\x59"
	"\xef\x81\x63\xb5\x46\xfa\x6e\xbc\xc2\xc1\x8b\x02\x7d\x5d\x78\xab"
	"\x94\xe5\x8b\x24\xd4\xc7\xee\x2c\x35\x19\xd4\x31\x01\x1a\xff\xf8"
	"\xe3\x5d\x46\x2b\xd4\xd9\xb1\x4c\x30\x4c\x66\x48\x83\xf6\x9e\x48"
	"\xa2\x85\x13\xe6\x9b\x38\x62\x32\x2b\x5c\x6f\x1f\xc9\x8e\xe5\xa6"
	"\x1d\x85\x32\xf3\xdb\x30\x16\xf6\x47\x62\x39\xc0\x4e\x09\x19\xb8"
	"\x2e\xc3\x02\x1c\x22\x36\x32\x74\xba\x76\xd1\xa4\x38\xe1\x65\x31"
	"\x29\x3c\x5f\x95\x65\xa0\x5b\x85\x03\xb9\x2d\x09\xb3\xda\xc5\x67"
	"\x76\xa9\x4e\xd1\x8d\xfb\x8c\xdc\x34\xae\xd7\x59\x2b\x1b\xf2\x85"
	"\x1f\xb9\x5e\x0a\xac\xe8\x90\xb0\xea\xd2\xcd\x3f\xfe\xd8\xe3\x8d"
	"\xfd\x5f\xbe\xff\x5d\xfe\xf1\xef\xc3\x93\xfa\xab\x76\xf9\xbb\xdb"
	"\x2f\x28\x64\xc1\xb2\x7d\x67\xe3\xb2\x0d\x2c\xa2\xad\xeb\x87\x35"
	"\x89\x56\xe5\xcc\x4f\x1a\x71\xaa\x91\x8b\x80\xc6\x6f\x27\x60\x7e"
	"\x0b\x43\xd4\xae\xdf\x37\x7e\xb8\xac\x56\x87\x48\xde\x3e\x6f\x5c"
	"\x07\x21\xe4\xa4\xba\xa0\x23\xf4\xa1\x8a\x6d\xa6\x54\x16\x3d\xee"
	"\xeb\x6e\x49\x2c\x89\x74\xbc\x42\x13\xb5\xb9\xdc\x9f\x5e\xff\x7e"
	"\x38\xd5\xc3\x30\xea\x0b\xce\x1d\x3f\x5f\xde\xb5\x63\xa8\x64\xb3"
	"\xb3\xf6\x9c\x0d\xa1\x59\x2e\xfd\x34\xbc\x63\xa9\x87\x41\x10\x61"
	"\x93\x12\xeb\x01\x94\xd8\x17\x0f\x1d\xa7\x91\x71\x69\x15\xc7\xab"
	"\xc0\xbb\x74\x41\xa4\xec\xe1\x32\x2a\x43\xb3\xf7\x3e\x9f\x1e\x6e"
	"\xfe\xac\x3e\xaa\x65\x00\xdd\x63\x4c\xb3\x94\x00\xf5\x20\x1d\x07"
	"\x64\xa2\x87\x71\x6a\x6e\x99\x7a\xa1\x91\x2b\x61\x27\xcc\x56\xbe"
	"\xc0\x3a\x6c\xac\xcf\x25\x08\x10\xab\x95\xed\x4b\x36\x65\x58\x74"
	"\x2e\x4e\x65\xaf\xf4\x63\x39\xe6\x99\xdb\xc1\x60\x6a\xc9\xd8\x2a"
	"\x10\xf7\x9c\x2c\xf5\xc5\x7d\x0b\xe2\x45\x32\x3e\xb7\x11\x5f\x5d"
	"\x3d\xd2\x80\x35\xc7\xd3\xb9\xc2\x56\x1d\xfc\x17\xae\x59\x47\xc6"
	"\xdf\x24\x32\xa6\x49\x5b\xc8\x49\x6c\xee\x9a\x3e\xf7\x52\x4c\x0b"
	"\xa6\x9f\xbc\xdf\x69\xd0\x8e\x06\xad\x96\x9c\x5c\x0e\xd8\xb9\x68"
	"\xe0\x42\xf4\x8c\x25\xf2\x83\xee\xa3\xd5\xd7\x99\xf2\xb9\xeb\xb4"
	"\xca\x06\xd8\x48\x45\xb7\x15\xfe\xb7\x63\x42\xa4\xdd\x66\xcd\x8a"
	"\x56\xa0\xda\x8a\x5e\xf9\x07\x61\x92\xc1\x7a\x07\x45\x2c\xad\x82"
	"\xca\xdc\x28\x7e\xf4\xbb\xe7\x90\xe9\x8b\x97\x98\x6a\x68\xa7\x5f"
	"\x52\x2d\x0d\x62\x50\x61\x9b\xac\x55\x5b\x99\xd1\x2c\x4e\xb4\xc3"
	"\xf5\x81\xa1\x11\xee\xd7\x0b\x8c\x61\x18\x1c\xe6\x28\xba\x27\xe0"
	"\xed\xef\xbb\x34\x47\xb1\xf0\x97\x35\x0e\x70\xdb\x0d\xbe\x6a\x90"
	"\x61\x6f\xb5\x07\x59\x1b\xaf\x6a\x29\xf9\x1e\x75\xc6\xd0\xe7\x1c"
	"\x5e\x57\x5b\xd9\xdb\x2c\x16\xac\xf5\x13\xb3\x4e\xca\xe4\xac\xf2"
	"\xa0\xbd\x64\x4e\x83\xf4\x65\x1a\xbc\x12\x11\x44\x58\x04\x5f\xa5"
	"\xbf\xcb\x28\x31\x28\xb6\x52\x50\x91\x7a\x8d\xbe\x6f\x97\xa1\xc8"
	"\xb7\xba\xe0\x57\x05\x31\x5b\x23\x75\x44\xa3\x00\x03\xcb\x44\xbc"
	"\xe4\x16\x41\x55\x52\x3c\xd5\x3e\xdd\xc9\xea\x85\x33\xe3\x2d\xa8"
	"\xb8\xec\xbe\x25\xd7\xae\xad\xc0\xf2\xae\x9f\x02\xb9\xe5\x2e\x91"
	"\x90\xbf\x86\x8b\xfb\xf5\x4e\x73\x9d\xea\xf1\x7b\xb3\x04\xc8\x92"
	"\x4b\xc9\xd2\xc5\x74\xbf\xa4\x71\xf8\x9b\xbb\x75\xa5\x58\xbf\x4a"
	"\xf5\x9a\x65\x33\x9e\x4f\xa7\x23\x8a\xe7\x33\x77\xd9\x02\x29\x63"
	"\x41\xcc\x7f\x5b\x32\xf1\x5b\x24\x5a\xfd\x5e\x48\xa6\xc9\xf7\x21"
	"\x87\x27\x1a\x2d\xdb\x36\x0a\xfe\xae\x72\x15\x61\xa5\x76\xbc\xba"
	"\xf8\xd5\x1a\xcf\x74\x70\x3f\x76\xd6\x2c\x05\x1d\xf7\xeb\x3f\xf6"
	"\xef\x47\xdb\x9e\xcc\xbf\x18\x35\x75\xa7\x8e\x9a\x89\xa5\xad\x4b"
	"\x59\x27\x5a\xf2\x4a\x36\x48\x22\xab\x2f\x9b\x6c\x4d\xef\xba\xba"
	"\xe0\x7b\xf1\xf1\x74\x84\x1d\x54\xf3\xed\x18\x19\xdc\x5a\x7d\xd9"
	"\xb4\x21\x2a\xac\x48\x20\xea\xfa\xa2\x26\x44\x64\x23\x4e\x01\x56"
	"\xf3\xf2\x81\xfd\x3b\xdd\xc1\x09\x25\x70\x53\x2f\xd2\xf4\x08\xfa"
	"\x46\x54\xff\xb6\x56\x8a\x1e\x38\xfb\x76\x7e\xea\x04\x99\x02\x54"
	"\xa2\xfa\x6a\xb6\xc8\x56\xc0\xd6\x0b\x82\x60\x4a\x68\x4e\xdc\x3c"
	"\xbd\xa6\xc1\xac\x53\x87\xcf\xd5\x75\x60\x75\xcf\xa9\xc9\x38\x29"
	"\xe6\xfe\xa3\x37\x25\xe6\xf6\xc0\x96\x34\xcc\x93\x22\x93\x82\xae"
	"\xe9\x07\x01\xa4\x2a\xfe\x11\x3b\x68\xcf\x58\x17\x3d\xc3\xa1\x41"
	"\x4e\xca\x42\x02\xc4\x6f\x33\xc6\xd7\x04\x70\xdb\xa3\x20\x84\x7e"
	"\x04\xab\x4d\x69\x08\x61\xcf\xd7\x27\x34\xec\x36\xda\x59\xbd\xd0"
	"\x29\x0d\x4d\x35\x2f\xad\xa8\x1d\x13\xcb\xd6\x04\xac\xfa\x9d\x7f"
	"\x83\x63\x0a\x5e\x0a\xa9\xea\x19\x5f\xb9\x43\xc1\x83\x6f\xf1\x05"
	"\xac\x3f\x00\x56\x78\x96\x16\xaf\x89\x55\x66\xa9\xee\x8c\x22\x09"
	"\xf9\xaa\xd3\x98\xb2\xe6\x49\xe6\x9e\x6f\x49\xf9\xda\xa3\x6e\x79"
	"\x02\x6f\x85\xd4\x19\x43\x27\xc8\x82\xba\x10\x0b\x78\x25\xf8\x1a"
	"\x92\xb1\x06\xae\x44\x6b\x0e\xa2\xb5\x21\xe9\xea\xb0\x19\x61\xec"
	"\x6c\x22\x11\x5e\x8d\x06\x92\x4d\xf8\x17\x5b\x48\xe6\x67\x90\x3e"
	"\xf5\xba\x4f\x0c\x9c\x4a\x4b\xd9\x42\x32\x3e\x83\xf4\x99\x81\x13"
	"\x8e\xaf\x16\x92\xf5\x19\xa4\xcf\x4c\x01\x11\xbe\xda\x42\x9a\x0f"
	"\x23\xcd\xc7\x9f\xe8\x69\xfe\x99\x05\x9e\x8f\x3f\x31\x4f\x73\xeb"
	"\x13\x63\xb2\x67\xf4\x3c\x81\x2a\x83\x04\x9f\xdb\xc3\xdd\x18\xe6"
	"\x67\x86\x0d\x58\x86\x9e\xe5\x72\x06\x67\x7b\xbf\xc9\x78\xd5\xeb"
	"\x8d\x36\x5b\x55\x00\x73\x70\xe4\xe3\x41\x8c\xe1\xaf\x9f\x0c\x62"
	"\x4c\x07\x31\x66\x83\x18\xf3\x41\x0c\x63\xf8\x63\x8c\xe1\xaf\x31"
	"\xe8\xcf\xd9\xc4\xbe\x9d\xa7\xfd\xe0\x8c\x04\x87\xcc\xc1\x4d\x87"
	"\xa8\x0c\x52\x61\x38\x5e\x20\x08\x3b\xe4\x15\x05\x0e\x37\x19\x51"
	"\x64\xe9\x82\x94\xc6\x4c\xf8\x43\x2f\xbb\x4f\xfd\x20\x18\x78\xdd"
	"\x8a\x79\x83\x28\x70\x18\xda\xf4\x62\xf8\x0e\xd6\x44\x71\xfb\x71"
	"\xa2\x8c\xb8\xdd\xd7\x98\xbe\xa1\x8f\x12\x59\xba\xf1\xb5\x85\xd6"
	"\x11\x03\xb5\xf3\xc6\x1d\xaf\x20\x24\xd3\xab\x64\x2c\xf0\xbf\xb1"
	"\xf6\x29\x5d\xaa\xe3\x9b\xe2\x74\x28\x5e\x6e\xbe\x3f\x3c\xfe\xb5"
	"\x3f\x3c\x57\x86\xac\xb7\xd3\xfe\x70\xfe\x4b\x79\xbd\x5e\x8b\xf7"
	"\xe7\x6e\x1e\x1a\x79\x04\xdd\xc8\x7b\x84\xf5\xab\xc9\x72\xab\xc7"
	"\xc2\xf2\x81\xb7\xf5\x82\xcb\x8e\x7a\x39\x8a\x84\xa0\x2a\xa0\x7c"
	"\xe8\x60\x58\x35\x5d\x0f\x8b\xd8\x96\xfd\xbb\x1e\x95\xb8\xa6\x2a"
	"\x35\xac\x4f\x92\xe4\x1c\x5f\xdf\xe0\x84\xf1\xe5\xbc\x7f\x2d\x6e"
	"\xe0\xc8\xf7\xf8\xd7\xbb\xfc\x9a\x47\xd5\x7e\xea\x7e\x90\x2a\xdc"
	"\xe1\x47\xcb\xb8\x79\x73\xae\x6a\xc5\xc3\x67\xe6\x78\x2e\x71\xc1"
	"\xed\x82\x06\x2a\x2e\xb1\xf8\x35\x24\x17\x4e\xed\x4b\x3d\x0b\xaf"
	"\xdc\x45\xce\x9d\xd4\x4f\x84\xd6\xee\x17\x61\x79\x41\x79\xe8\x87"
	"\xfe\x40\xf3\x72\x98\xa8\x17\xf1\x2d\xe1\x61\xc6\x85\x32\xef\xd4"
	"\x4e\x89\xa0\x5b\xa9\x27\xbf\x5a\xa3\xf9\xb4\x6e\x2e\x86\xb7\x81"
	"\x58\x46\xcf\x5b\x48\xe8\x98\x1e\x73\x65\xc7\x8c\x13\xe5\x13\x22"
	"\x38\xc9\xbb\x65\x81\x2d\x42\x69\x94\x35\x44\xef\xa2\xa6\x45\xb7"
	"\x31\x37\xcd\xa3\xdf\x1a\x5e\x8a\x17\xc6\xe4\x77\xf4\xcc\x28\x57"
	"\x06\x28\x3c\x0b\x85\x4c\x38\x3a\x86\x69\xa3\xa8\x09\xc4\x62\x97"
	"\x75\x2f\xa0\x6c\x8f\x44\x39\x53\x49\x2c\x6d\x2f\xbc\x3d\x83\x65"
	"\x7b\x97\x4a\x96\x71\xea\xc0\x04\x7b\x6c\x23\xef\xb8\xb5\x12\x11"
	"\x5f\x83\x4a\x7c\x79\x66\x4d\x6f\xeb\x86\xaa\x4b\xe3\xe5\xf4\xad"
	"\x56\xf2\xeb\xe8\x87\xa1\xc3\x6a\x97\xd2\x50\x23\xc0\xd3\xab\x17"
	"\x5c\x4a\x7a\x17\xaf\xc7\xd3\xcf\x1b\xb7\xf8\xe3\xe3\xf9\x59\x31"
	"\x77\x73\x31\xbc\x9d\xf0\x22\x4e\xd9\xee\x54\x97\x88\x88\xc9\x9b"
	"\x1c\x7a\x4d\x61\x42\x78\x4c\xda\xa0\xae\xdd\x00\x15\x2d\x7b\x50"
	"\xd2\x18\x6b\xf3\xd2\xa5\x9a\x14\x56\xbc\x40\x7b\x23\x71\xa6\x0b"
	"\xb2\x85\x34\x9c\x72\xca\x1f\x50\x4e\x53\xe8\x85\x01\x2c\x53\x77"
	"\x09\x2b\x48\x1f\xb5\x09\x74\xf2\x66\xbc\x75\x48\x6f\x61\x6d\x43"
	"\xed\xed\xf1\xb2\x4c\x7b\x89\xa3\x24\x73\x77\x14\x25\xa0\xa7\x7b"
	"\x75\xf5\x13\x64\x49\xaf\xa8\x29\xa9\x10\x08\x27\xe1\xb4\x87\x04"
	"\xc6\xb4\x61\x9c\x35\x0c\xbc\xb2\xa1\xef\x0b\x36\x4e\xdc\x48\x46"
	"\x8c\xbf\xfb\x26\x6d\xed\xa7\xb7\x5d\x53\x18\x52\xe6\x0d\x86\x72"
	"\x7f\xbc\x29\xf1\xbc\x7e\x38\x3c\xb7\x6e\x66\x2f\x05\xda\x6d\xb3"
	"\xa4\xff\x52\x96\x02\xe6\xeb\x2c\x5a\xe5\x82\x71\xfd\x02\xde\xdd"
	"\x02\x7f\x03\xf7\xbb\xb1\xce\x1c\x2a\xf3\x65\x83\x4c\xc8\xe3\x38"
	"\xe1\x75\x87\x7f\xad\x39\xdf\xb2\x20\xf3\xae\x11\x02\x0a\x88\x9b"
	"\x60\x9c\x89\xaf\x93\x8b\xb8\xc1\xca\xea\x17\x93\x58\xa3\xb1\xdc"
	"\x60\xea\x6d\x92\x62\x1b\xa7\x5e\x89\xa9\x08\xcd\x43\xcf\xe0\x80"
	"\x00\xc4\xf7\x6f\x3c\x2f\x19\x60\x41\xd0\x6d\xc2\xa4\x7b\x65\x1f"
	"\xe7\xff\x2a\x24\x6e\xfe\xf9\xfe\xb6\x3f\x60\x88\xfe\xfb\x2f\x37"
	"\xaf\x1f\xe7\xe2\x47\x01\x7f\x14\xe7\xc7\x5f\x7f\xfd\xb5\x91\xbe"
	"\xbc\x64\x5a\x01\x7b\x8d\xf0\x76\x44\x61\xac\x72\xf5\xcb\x44\x12"
	"\x7d\x04\x3d\xd8\xc9\xdd\x9d\x42\x02\x2e\x8f\xef\x12\x46\x78\x31"
	"\x15\xae\xf4\x14\xf4\x48\xad\x34\xde\x5e\xdc\x01\xfa\xf8\x52\x99"
	"\xf6\x42\xb0\x3e\xee\x62\x22\x46\xfd\x83\x07\x30\xf3\x03\x63\xc1"
	"\x5c\x41\x2c\xf1\x2f\x9e\x63\x4e\xbf\x14\x08\x1c\x2b\xd0\xd1\x62"
	"\xf0\x3a\x0f\xb4\x1b\x5a\x92\x8e\x48\x5b\x5e\x03\xb9\xe7\xc1\xac"
	"\xc0\x66\xcd\x3d\xcf\x05\x12\x4b\x41\x93\x25\xca\x53\x96\xf2\x50"
	"\x89\xdb\x7e\x71\x0a\xff\x6e\xbd\x74\x11\x73\xaf\x2b\xca\xae\x30"
	"\x72\xd3\x0f\x7c\x2e\xba\x0f\xc2\x6c\x21\xa0\x8f\xaa\x56\x64\x97"
	"\xd2\xe9\xe2\xb7\x6a\x19\x28\x90\x03\x6a\x1c\x1c\x3b\x60\xf3\xec"
	"\x9a\xe6\x53\x27\x23\x76\x4b\x49\x30\x08\xd6\x7a\xbd\x87\x96\x0c"
	"\x1e\x94\x69\x17\xfa\x31\xa8\x6e\x6a\x28\x28\xcc\x61\x6d\x83\xe0"
	"\x22\x72\x4c\xa3\xd5\x49\x4a\xe5\x60\x40\xa8\x77\xcb\x7b\x32\xd9"
	"\x97\x7c\x76\x5b\x2a\x32\x29\x5d\x4b\xa1\x5c\x5b\x49\xb0\xa0\x44"
	"\x60\x7c\x03\x91\xad\x0a\x06\xbc\x8e\x45\x12\xa8\x8d\x53\x78\x55"
	"\x04\x14\x51\x2b\x50\x2d\x1b\x26\x58\x89\xd3\x21\xd7\xe2\x27\xdc"
	"\x8f\x01\xbc\x31\x72\xee\x45\xac\x0b\x10\xc0\xca\x84\x72\xba\xd2"
	"\x56\xd6\xa5\x65\x16\x29\x6d\xb1\x1f\xba\x4a\x59\xb2\xd6\xe3\x54"
	"\x67\x93\x65\xc5\x83\x8d\x0e\x64\x63\x1e\x3a\x71\x06\xba\x26\x68"
	"\xf0\x71\xea\xb6\x50\xd0\xa5\x21\x57\x19\x31\xa5\xbe\xc9\xdb\x99"
	"\xa1\xca\x07\x55\x2f\x35\xc7\x83\xec\xdb\x69\xa6\xf2\x49\x65\xae"
	"\xb2\x2a\x07\x44\x75\x52\xc0\x4c\x1a\x12\xbf\xe1\x13\xc5\xf5\xc1"
	"\x25\xe5\x77\x3e\xea\xc9\xed\xcf\xeb\xe0\x97\x0d\xdd\x72\x11\xcb"
	"\x8e\xfc\x69\xcd\xab\x3e\x44\x25\xbd\x85\x2d\x7f\xd9\x87\x52\xee"
	"\x63\x7d\x28\x6a\x03\xed\x41\x58\xdf\x01\x69\x68\x10\x9a\xa7\xa8"
	"\x4a\x15\x57\x78\x0d\x61\x52\x2e\x62\xb9\x50\x44\xf8\xaa\x7c\x2c"
	"\xe7\x11\xa8\x5f\xad\x82\x28\xd5\x49\x17\xeb\x9b\xae\x51\xbc\x48"
	"\x07\x75\x14\x47\x2d\x37\xaf\x6a\x67\x11\x70\x06\x9e\xf3\xca\x07"
	"\x88\x7d\xf2\x82\x0e\x94\xd3\x8b\xa8\x34\x8b\x9e\xe9\xa9\x62\x96"
	"\x64\x32\x8f\x96\x40\xa9\x14\x3e\x99\xd2\x49\x51\x51\xb3\xe8\x5c"
	"\x1d\xa0\xfb\xe6\x64\x79\x7d\xea\x3a\x72\x6d\x5f\x57\xfa\xcf\x17"
	"\xc0\xc8\xeb\x90\xa5\x44\x2d\x81\x2b\x85\xff\x17\x98\x30\x0f\x20"
	"\x72\x13\x5a\x2c\xab\x45\xf6\xb6\x58\x9a\x9b\x25\xd2\x9d\x40\xe2"
	"\x61\xbf\xea\x0b\xe8\x94\x31\x98\x78\x18\xf5\x00\xbd\xcd\x22\xfd"
	"\x38\x48\x73\x85\x28\xde\xcf\xad\x0d\x28\xd8\xb8\x44\x4c\x97\x2c"
	"\x5b\x8b\x3b\x25\xa8\xca\x44\x51\x37\x89\x42\x42\xd5\x42\xf2\x1c"
	"\x14\x7e\x5f\xdc\xd3\x73\xb1\xa8\x54\x0a\xa9\x78\xf4\x6c\x65\x0b"
	"\x8c\x28\xa0\xe1\xf2\xf0\x8c\x33\xda\x8f\xa6\xa2\x6b\x69\xb8\xd2"
	"\xbe\xa6\x96\x56\x0d\x6a\x7e\xfa\xda\xdb\xb9\x19\x11\xc9\xa9\xe6"
	"\x46\x48\xaa\x58\x7b\x41\xd2\xca\x76\xdc\xc4\xdb\x00\xa2\x20\xd2"
	"\x62\x49\x04\x69\xb4\x5a\xd2\xf0\x85\x2f\x42\xd6\x33\x90\x2c\x23"
	"\xca\x20\x4a\x68\x0a\x07\xaf\xb5\x40\xc9\xd4\xf3\xad\x54\x6d\x38"
	"\x45\x27\x9b\x1e\x22\xc2\x58\x16\x10\xff\xc9\x7d\xcf\xf8\x93\x9e"
	"\x8f\xeb\x8d\xa7\x53\xf3\x2c\x3d\xf5\x3d\x23\xa0\xad\x7d\xe5\x3a"
	"\x31\x01\xbb\xea\xc6\xbb\xef\x5b\xa4\x30\x76\xa9\x2a\x7c\x34\x71"
	"\xa3\x65\x21\xca\xa5\x01\x02\xb6\x55\xbc\xd8\x42\xe9\x14\x9c\x61"
	"\x9a\xad\x81\xf3\xf4\xca\x5d\x34\x4e\xc7\xf0\xbb\xef\x34\x9d\x2d"
	"\x80\xfb\x14\x07\xfa\xdf\xa4\x00\x6f\x06\x44\x96\x86\xa9\x0a\x31"
	"\x8a\xf3\x28\x0b\x88\x3a\xf6\x8b\x81\x93\x3b\xc8\x75\x98\x89\xdc"
	"\xe7\xf2\x80\x74\xe7\xb9\xad\xd8\x4b\x60\xa9\x44\x20\xbf\xe4\x64"
	"\x62\x85\x06\x96\x94\x65\x7a\xef\xb3\x8f\xc7\xdd\x4a\xa3\xf0\xdd"
	"\xb4\xfb\x26\x75\x00\xc1\x6f\x96\x4a\x07\xec\xfc\xdc\xeb\xd3\xf9"
	"\xef\x76\x7d\x07\xb2\xc0\x5f\x45\xa5\x19\xa9\x67\xdc\xa9\x17\xc4"
	"\x0e\xa5\x65\xe3\x37\xcb\x1a\xdf\x75\x8d\xa8\x6c\x92\xd5\xb2\xb9"
	"\x2a\xca\x81\x7f\x51\x28\x17\x8c\x5c\x34\x4b\x7d\x5e\xd1\x14\x34"
	"\xf1\x33\x22\x5f\x63\x03\xcf\x13\x8b\x6d\xf3\x1a\x5a\x17\x2f\xce"
	"\x50\x65\xf7\x44\x68\xed\xf4\x6f\xac\x54\xd2\xd4\x4b\x02\xdf\x21"
	"\x2b\xf7\xd5\xba\x14\xe1\x00\x06\xca\x67\xfd\x4e\xc6\x8b\xc7\x8f"
	"\x13\x5e\x9b\xe9\x58\xd9\x91\x77\xaf\xf3\x86\xbf\x64\x04\x01\x6b"
	"\x9c\x00\x51\x0a\xc3\x8e\x86\xfa\x29\x60\xa0\x6c\x26\x82\x42\xca"
	"\x2e\x88\x64\x3e\x32\x4c\x05\x94\x26\x12\x05\x00\xb9\xbb\xce\x63"
	"\x78\x9f\x74\x8e\x50\xf7\xf4\x54\xf8\x24\xec\xde\x1e\x97\x17\x04"
	"\x60\xbb\xd0\x9e\x89\x75\x81\x96\x97\xa7\xef\xe0\xbf\x52\xab\x5c"
	"\xc7\xf1\x86\xf7\x3c\xdd\x08\x3f\xaa\x9e\x2e\x23\x1a\xb4\x3d\x57"
	"\xd1\x0e\xbb\x65\x1a\xf6\x7f\x41\xdb\x6c\x52\x69\x17\x3c\xc4\xb4"
	"\x57\x09\xc6\xb6\xfc\x6f\x63\x57\xb7\xdb\xb8\x0a\x84\x5f\x25\xea"
	"\x13\x34\x69\xd3\xf6\x5c\xec\x05\xc6\x24\x61\xeb\xbf\x82\xdd\x26"
	"\xb9\xb1\xb2\x6d\x76\x1b\x69\xdb\x54\x49\xaa\x73\xf6\xed\x0f\x83"
	"\x7f\x02\x66\xa0\x2b\x55\x8a\x3a\xf3\x19\x30\x8c\x87\x61\x80\x99"
	"\x9a\xc4\xea\x43\xbd\x9a\xdc\xde\xdc\x59\x7a\x6d\x41\x84\x5a\x37"
	"\xab\xde\x84\x69\x02\x66\x89\xc6\xbf\x42\x9a\xf3\x55\x3d\x72\x00"
	"\xb2\xdc\xf9\x4e\x09\xe0\x14\x96\x85\x67\x17\x4c\x2d\x42\xf5\xc9"
	"\xc9\x46\xb4\x71\x27\x47\xa9\x53\xdc\xc3\x3d\xa7\x98\x35\xb3\xb7"
	"\xd1\x75\x18\x5b\xf7\xc0\xb7\x8b\x0b\xa7\x7f\x95\x15\xc1\xb3\x6a"
	"\x89\xf6\x6f\xcb\xd3\xfb\x52\x05\xf1\x06\x74\x1c\xc2\x63\x2e\x87"
	"\x73\xb5\x17\xca\x74\xe0\x29\x64\xdc\x3b\x04\x79\xa4\x75\xe7\x27"
	"\xf4\x61\xb4\x9b\x50\xb0\x07\x65\xd0\x95\xad\xa3\xf2\x12\x6b\x5f"
	"\xea\x8b\x78\xd8\x43\x94\x6d\x95\xaf\xf2\x30\x86\x14\xaa\x2f\x52"
	"\x8f\x1a\xe9\x51\x49\x4e\xe2\xc2\x73\x6b\xa9\x07\xad\x88\x9d\x1c"
	"\xc3\xb0\x14\xe7\xf6\x51\xf4\x9e\xa4\x34\xe3\x3c\x23\xe0\x2f\xc1"
	"\x98\x44\xae\xd2\x94\xc1\x67\x3a\x50\x38\x67\x48\x29\x2a\xd9\x2a"
	"\x07\x61\x2d\x68\x8d\x52\xaa\x98\x5b\x7a\x89\x7b\x72\x78\x30\xd4"
	"\xdb\xdf\xad\x1e\x43\x32\xe6\x60\x06\xe1\x56\x3c\xb0\x6f\x17\xc7"
	"\xed\xef\xdd\xfb\xe7\x7f\xbd\x20\x37\xc1\xb3\xfb\x20\xbd\x87\x3f"
	"\x1f\xa7\xfd\xe8\x79\x7f\xd8\x8e\xf6\x87\xd1\xeb\xf6\xf7\x87\xbe"
	"\xa4\x60\x47\xda\x26\xc9\x9c\x14\xc6\x49\x0c\x8b\x3c\x71\xe9\x8c"
	"\xc4\x28\xd1\x85\xaa\xf5\x23\xe5\x85\x95\x8b\x7e\xc8\x71\x1f\x02"
	"\xd3\x15\x25\xba\x50\x61\x79\x2c\x7a\x1a\x0a\xec\x77\x98\x9d\xa6"
	"\x7b\x5b\x42\x7c\xad\xbf\x2f\x0a\x04\x0d\x13\x18\x52\xb5\x24\xd6"
	"\x4c\xdc\x46\x37\x5f\x84\x62\x9f\x33\x1a\x63\xfa\xb9\xe5\xa6\x24"
	"\x23\x73\xa4\x55\x2d\x7d\x82\x54\x37\xcc\x01\x8b\x3e\xd8\x69\x2a"
	"\x6d\x13\x49\xa7\xf8\xf9\x6c\x3c\xb9\x4b\xab\xc4\x61\x80\x0d\x8a"
	"\x12\xb1\x96\x14\xfa\xd7\xdf\x16\x98\xc1\x1e\x2a\x56\x31\xa7\x44"
	"\xfd\x13\x23\x45\xa6\x0d\xc7\x5f\x26\xa9\xca\x85\x32\x03\x90\x47"
	"\x7d\xd6\x5f\xc3\x95\x3c\x75\x25\xbd\xcd\xae\xf4\xd6\x5e\x48\xfb"
	"\x3c\xbd\xc2\x5d\xef\xe7\xcd\x69\xfb\x32\x62\xef\xcf\xf0\xc5\x41"
	"\x76\x8f\x7f\x77\xa7\xd7\x11\x39\x1e\xf7\xcf\x3b\xcd\x8a\x37\xa7"
	"\x8d\x15\x89\xbd\x7d\x29\x9a\xfa\xeb\x9f\xd3\x14\x69\x33\x5d\x10"
	"\xf5\x37\xb9\x2c\xf2\x64\x35\xcc\xdd\x37\x68\x3f\x7b\xe0\x8f\xee"
	"\x0b\xa8\xa7\x79\xa6\x19\x4d\x50\x64\x1d\x87\xe9\x6d\xff\x62\xe6"
	"\x91\xea\xea\x8a\xa8\x3b\x0e\xa5\x40\x68\x12\xa9\x27\x42\x5a\x9f"
	"\x88\xa7\x90\xe4\x17\xaa\x46\xff\x0b\x2d\x6d\xb7\x50\xf7\x35\xb2"
	"\xd5\x93\x20\x6e\xa6\xb1\xc5\xe6\xf8\xea\x7b\xaf\x94\xb8\x2f\xb6"
	"\xc0\x88\xcb\xa6\x0b\x86\x75\x3e\xa2\xb9\x9f\x76\xbf\xb6\xc7\x93"
	"\x5b\x99\xa0\x57\x13\xa4\x1f\x81\x8c\x8d\xaf\xa0\xe5\xf8\x32\xe6"
	"\xb3\x80\x60\xb4\x3a\xd2\xe9\x3d\x44\x24\x9c\xaf\x25\xbe\x0e\x68"
	"\x82\x78\x8a\x7d\x60\x5c\x89\x0c\x4b\xe0\x37\x54\xb2\x48\xe3\xb1"
	"\x27\xf8\x8b\x81\xf0\x9c\x1c\x3d\x23\x26\xd3\x9b\x2f\x10\x57\x93"
	"\xcb\x80\xd0\x2f\xc8\xd8\xe9\x6b\x45\x54\xc5\x62\xe4\xe9\x18\x1b"
	"\x03\xc5\xb8\x0a\x35\xa2\x9c\x0b\x5f\x26\xa0\x4e\x8f\x15\xd3\xb1"
	"\x1b\x21\x82\xee\x3e\x5e\xad\xbb\x8f\xfd\xf4\x89\x09\xb6\xa2\xd6"
	"\x9e\xc8\xec\x1d\x22\xab\x22\x2e\x03\x9a\x4f\xd0\x6b\xa4\xe0\x48"
	"\x2d\xf8\xfd\xb9\x2a\x5a\x31\x24\x29\x4b\x12\x4e\xc2\x18\x59\x4e"
	"\xbf\x02\xdc\xf8\x9b\x17\xa3\xaf\x3d\x73\xa6\x08\xe7\x8b\x5f\x90"
	"\x35\x89\x43\x08\x49\x12\x49\x26\x41\x51\xeb\xf4\x68\xb0\x18\xc6"
	"\xc2\xd5\x30\x51\xf8\x92\x75\xf7\x53\x0c\xf1\x77\x80\x5a\xb0\xc1"
	"\x38\x38\x82\xd9\xd2\xdb\x8c\x0d\x46\x7e\x8f\x0f\x08\x14\xd2\x04"
	"\xc8\x1b\x76\xe5\x0c\x76\xb9\x9c\x92\x92\x75\x8e\x74\xf1\xdd\xf5"
	"\xc4\xdf\xa8\x64\x8d\xc9\x8c\xa2\x2e\x90\x70\xfd\x9b\xf7\x97\xfd"
	"\xdb\x28\xfb\x7c\xfb\xb1\x3d\x74\xc1\xfc\xb0\xf6\x41\x5a\xf3\x9a"
	"\x16\x98\xc5\x16\x8b\x08\xbc\x72\x59\x85\x73\x5a\xb5\xec\x58\x50"
	"\x9a\x47\xc2\x42\xac\x41\x6a\xc2\x0a\x88\xa0\x42\x38\xf5\x7e\xe7"
	"\x65\xc9\x04\x83\x1d\x4a\x7b\xed\x6a\x98\x53\xda\x81\xff\x55\xfd"
	"\x3d\x50\xb6\xa6\xe4\x5f\x81\x85\xe7\x34\xc2\x10\x07\x46\xb7\xff"
	"\xcd\xa0\x6d\x83\x63\x26\x1d\xe7\x09\xeb\x4f\xf6\xa8\x83\x6b\x50"
	"\x42\xd2\x7e\xd0\xf4\x1e\x85\xa4\x5f\xe7\xe9\x29\x42\x1f\xf9\x63"
	"\x97\x26\xf0\xed\x9c\xae\xc9\x5c\x98\xe9\xbc\x3b\xc6\x01\xbc\x33"
	"\xb3\xa8\xa2\xa4\xc5\xc8\x2a\xb2\x61\xcb\xe9\xe5\x3f\x35\x65\xe0"
	"\x1d\x00\x47\x16\x83\x90\x1c\xd6\x35\xcc\xe2\x9e\xca\xdb\xfe\xa4"
	"\x69\xcf\x6d\x3e\x25\x08\xa0\xf7\x53\x9b\x6d\xc7\xd1\x4f\x08\x43"
	"\xb0\xfb\xf5\xde\x44\x52\xd1\xa7\x44\x9b\x7d\x97\xf3\xed\x13\xc8"
	"\x1d\xe5\x5d\x2a\xba\x7c\x09\xbe\x05\xf3\xf6\x0a\xf0\xd9\xb2\x14"
	"\xc4\x6c\xb1\x6f\x35\x9c\x67\x31\x11\xce\xd2\x14\x47\x37\x45\x47"
	"\x89\x5a\xcb\xeb\xdd\x1f\x04\x6c\x79\x3d\xfb\x05\x22\x36\x41\x36"
	"\x18\x7c\x3e\x54\xd3\x59\xc3\x0e\x4f\xbd\x5d\x35\x0c\xad\xc2\xcf"
	"\xd5\x26\x8d\xc9\x46\xcc\xa2\xab\xf3\xf3\x81\x29\x4f\x4d\x9a\xdd"
	"\x6b\x78\x38\x58\xfd\x26\x13\xac\xf2\x30\xc0\x8a\xd9\xe0\x00\x32"
	"\x96\x67\x2d\xc4\x37\xe9\x68\x4c\x70\x66\xef\x4b\x8b\xd0\xdd\x53"
	"\x9e\x81\x88\x34\x1b\x4d\x9d\x50\x27\xbb\x1f\x87\xcd\xe1\xcf\xe8"
	"\xb0\xff\x3c\xed\xde\x4d\xb3\x37\xe2\xa5\x60\x90\xf1\x69\x78\x08"
	"\x41\x6f\x07\x60\xdc\xc6\x13\x6a\x1e\x2d\xed\xe2\x97\xc8\x52\x64"
	"\xb4\x58\xd5\x33\x91\xa7\x83\x8b\xcf\x26\x24\x61\x99\x87\x9b\x31"
	"\xb8\x53\xca\xcd\x5b\x57\x7d\x6c\x14\xca\x21\xb1\x8c\x99\xa3\xad"
	"\x63\x99\xb9\x2c\x74\xab\xe1\x0e\x31\x4d\x8b\x25\x5d\x34\x47\xa6"
	"\x04\x9b\x99\x63\x42\xd5\x28\xf2\xd2\x5a\xee\xd3\xf1\x8d\x3d\x24"
	"\xb4\x76\x2d\x6d\x8b\xcd\xcb\xaa\xc6\x17\x88\x8e\xed\x0e\xd2\x19"
	"\x38\x8a\xd5\x02\x94\x36\x63\xd1\xea\x0e\x79\xb4\xe1\x5c\xfb\x9a"
	"\x02\x10\x22\x9e\x7c\x5a\xa3\x41\x44\xdc\x67\x8a\x50\x6f\xc1\xb7"
	"\x78\xf8\x92\x7e\xd1\x62\x62\xb1\x6b\xc0\xda\x3b\xd6\x8d\x92\x31"
	"\x44\x9a\xac\x07\xaa\x71\xec\xfb\x20\x0e\xf7\xbc\x83\xac\x37\x85"
	"\xc2\xdd\xaa\xaf\x30\xaa\x49\xce\xb6\x7d\x34\xd5\xb1\x88\xcc\xeb"
	"\x8c\x36\x35\x66\x18\xfd\xba\xc6\xa9\x16\xfa\x1c\x4b\x62\x0d\x0c"
	"\x3c\xcc\x84\x66\xd5\x11\xfd\x8e\xfa\xf4\xba\xd2\xea\xf9\x9a\x23"
	"\x82\x8f\xf8\xd7\x05\x83\x73\xa1\x79\x92\xa7\x66\xbc\x02\x93\x0a"
	"\xdb\x1e\x77\x1e\x96\xaa\xd1\x60\xc1\x86\x9b\x64\x30\x50\x18\xad"
	"\xbe\x4f\x0b\x94\x1e\xa5\x28\x79\x26\xcd\x24\x5d\x52\xe6\x94\x2b"
	"\x45\xa2\x15\x8d\x20\x2b\x53\xf9\x48\xf8\xd0\xcd\x50\x38\x7a\x53"
	"\x32\xb5\x9c\x65\x72\x9e\x04\x8e\x6f\xc2\x29\x8a\x2c\xcf\x8b\x61"
	"\x2c\x08\x0b\xa0\xf3\x17\xe3\xc1\x22\x60\xdf\x4a\x58\xba\x26\x7e"
	"\x30\xf5\x5d\x92\x5b\x0e\x0c\xf8\x3f\x24\x8a\x59\x62\x47\xe4\xa0"
	"\xc9\xba\x2e\x49\x34\xd8\x86\x8b\x3d\x6b\xe8\x38\xf6\x1e\x84\x82"
	"\x65\x7d\x82\x5d\x21\x28\xb8\x92\x73\xc3\x0c\x71\x5d\xe1\x8a\x3f"
	"\x8b\x0d\x1d\x08\x11\x8c\x04\x9b\x2b\x43\x41\xd8\xbb\x53\x73\xf7"
	"\xbe\xca\x99\x55\xe4\x79\x32\x50\xbe\x30\x58\x12\xf2\x1a\x12\x6e"
	"\x48\xa0\x6c\x0e\x36\xd8\x31\x88\xf4\x99\x0a\xac\xdf\xfe\x07\x6c"
	"\xfe\xbd\xc9\x81\xb8\x01\x00"
MAGIC_END;
